국제관,="0101",203,교과교재연구및지도법(음악),정윤선
국제관,="0101",204,Jazz화성법Ⅱ,김영표
국제관,="0101",210,논문지도(박)Ⅱ,김소형
국제관,="0102",112,고체역학,이상필
국제관,="0102",113,철학의향기와역사이야기,박순준
국제관,="0102",120,재료역학Ⅱ,정범석
국제관,="0102",127,수공학과상하수도실무,류권규
국제관,="0102",215,재료역학Ⅱ,고대은
국제관,="0102",216,해양시추및플랜트공학,이재용
국제관,="0102",218,열역학,석명은
국제관,="0102",229,금형설계,이상현
국제관,="0102",327,환경통계학,윤권감
국제관,="0102",403,데이터분석세미나,이현경
국제관,="0102",406,스마트도시공간정보론,백태경
국제관,="0102",414,영어회화,아데
국제관,="0102",416,산학연계세미나실무Ⅱ,윤상복
국제관,="0102",419,분리기술,정소담
국제관,="0102",420,대학일반화학Ⅱ,김노원
국제관,="0102",427,화학공정계산Ⅱ,양진경
국제관,="0102",501,신소재공학및실험,권택규
국제관,="0102",513,형태학,김미라
국제관,="0102",514,도시계획론,김형보
국제관,="0102",516,문학과삶(슬로리딩),김수환
국제관,="0102",518,문학과삶(슬로리딩),김도희
국제관,="0102",519,전기전자회로및실습,김완우
국제관,="0102",520,창의캡스톤디자인,이원재
국제관,="0102",602-3,건설기초설계,나춘선
국제관,="0102",614,건축환경,박경순
국제관,="0102",616,비용관리,이상범
국제관,="0102",620,재료역학,이형래
국제관,="0102",717,논문지도(석),이권형
국제관,="0102",723,건축과사회,이태문
국제관,="0102",724,도시디자인,신병윤
국제관,="0103",112,고체역학,이상필
국제관,="0103",113,열전달,손영석
국제관,="0103",119,소성공학,곽효서
국제관,="0103",120,토질역학Ⅱ,홍석우
국제관,="0103",121,영어회화,다니엘쉐리든
국제관,="0103",127,응용역학실무,정범석
국제관,="0103",215,재료역학Ⅱ,고대은
국제관,="0103",216,해양구조물운동역학,박일룡
국제관,="0103",218,열역학,석명은
국제관,="0103",221,전산구조해석,이석민
국제관,="0103",229,전공탐색과생애설계Ⅰ-Ⅱ,서성부
국제관,="0103",327,열전달,정소담
국제관,="0103",403,데이터분석세미나,이현경
국제관,="0103",416,산학연계세미나실무Ⅱ,윤상복
국제관,="0103",420,대학일반화학Ⅱ,김노원
국제관,="0103",421,대기환경공학Ⅰ,손장호
국제관,="0103",427,화공열역학Ⅰ,이강춘
국제관,="0103",501,신소재공학및실험,권택규
국제관,="0103",504,창의캡스톤디자인,이원재
국제관,="0103",513,형태학,김미라
국제관,="0103",514,도시계획론,김형보
국제관,="0103",516,철학의향기와역사이야기,김예슬
국제관,="0103",518,철학의향기와역사이야기,구자상
국제관,="0103",520,금속표면공학,이인섭
국제관,="0103",616,건설사업관리,양진국
국제관,="0103",618,영어회화,닐햄
국제관,="0103",619,영어회화,아데
국제관,="0103",620,재료역학,이형래
국제관,="0103",724,도시디자인,신병윤
국제관,="0103",725,근현대건축사,양재혁
국제관,="0104",327,열전달,정소담
국제관,="0104",419,대학일반화학Ⅱ,정민수
국제관,="0104",420,폐기물처리공학설계(산학연계학),김정권
국제관,="0104",421,대기환경공학Ⅰ,손장호
국제관,="0104",427,화공열역학Ⅰ,이강춘
국제관,="0104",504,창의캡스톤디자인,이원재
국제관,="0104",520,금속표면공학,이인섭
국제관,="0104",527,재료물리,최두호
국제관,="0104",602-2,건설기초설계,김광주
국제관,="0104",613,건물자동화설비,김삼열
국제관,="0104",614,건축재료학,박경순
국제관,="0104",723,단지계획론,최임주
국제관,="0104",733-A,건설기초설계,이권형
국제관,="0104",733-B,건설기초설계,김희근
국제관,="0104",733-C,건설기초설계,석민철
국제관,="0104",734-A,건설기초설계,최지혜
국제관,="0105",102,정밀측정및실습,예상돈
국제관,="0105",112,문학과삶(슬로리딩),김수환
국제관,="0105",113,열역학,석명은
국제관,="0105",120,측량학Ⅱ,문두열
국제관,="0105",127,문학과삶(슬로리딩),안장혁
국제관,="0105",208-A,논문지도(석),조용진
국제관,="0105",215,철학의향기와역사이야기,구자상
국제관,="0105",216,유체역학Ⅱ,박일룡
국제관,="0105",221,건설기초설계,황주영
국제관,="0105",229,ICT융합기술론,임중선
국제관,="0105",413,ICT융합기술론,심성현
국제관,="0105",416,타운플래닝리뷰,김형보
국제관,="0105",419,영어회화,케이티
국제관,="0105",421,환경생태·복원공학,윤권감
국제관,="0105",513,영어회화,닐햄
국제관,="0105",519,창의캡스톤디자인,권택규
국제관,="0105",520,고분자합성,김미라
국제관,="0105",521,영어회화,다니엘쉐리든
국제관,="0105",602-2,건설기초설계,김광주
국제관,="0105",614,건축재료학,박경순
국제관,="0105",616,캡스톤디자인Ⅰ,윤석태
국제관,="0105",723,단지계획론,최임주
국제관,="0105",733-A,건설기초설계,이권형
국제관,="0105",733-B,건설기초설계,김희근
국제관,="0105",733-C,건설기초설계,석민철
국제관,="0105",734-A,건설기초설계,최지혜
국제관,="0106",102,정밀측정및실습,예상돈
국제관,="0106",112,문학과삶(슬로리딩),김수환
국제관,="0106",113,열역학,석명은
국제관,="0106",120,측량학Ⅱ,문두열
국제관,="0106",127,문학과삶(슬로리딩),안장혁
국제관,="0106",208-A,논문지도(석),조용진
국제관,="0106",215,철학의향기와역사이야기,구자상
국제관,="0106",216,수치해석,박일룡
국제관,="0106",221,건설기초설계,황주영
국제관,="0106",413,ICT융합기술론,심성현
국제관,="0106",416,타운플래닝리뷰,김형보
국제관,="0106",419,영어회화,케이티
국제관,="0106",420,폐기물처리공학Ⅱ,김정권
국제관,="0106",427,유기재료화학,정민수
국제관,="0106",513,영어회화,닐햄
국제관,="0106",516,금속열처리공학,박영도
국제관,="0106",518,재료의기계적성질,이근형
국제관,="0106",519,창의캡스톤디자인,권택규
국제관,="0106",520,고분자합성,김미라
국제관,="0106",521,영어회화,다니엘쉐리든
국제관,="0106",602-2,건설기초설계,김광주
국제관,="0106",603-1,건축기술특론,설현석
국제관,="0106",613,고급캡스톤디자인,양진국
국제관,="0106",614,고급캡스톤디자인,이상범
국제관,="0106",616,캡스톤디자인Ⅰ,윤석태
국제관,="0106",619,고급캡스톤디자인,박률
국제관,="0106",620,고급캡스톤디자인,이형래
국제관,="0106",725,건축의장론,양재혁
국제관,="0106",733-A,건설기초설계,이권형
국제관,="0106",733-B,건설기초설계,김희근
국제관,="0106",733-C,건설기초설계,석민철
국제관,="0106",734-A,건설기초설계,최지혜
국제관,="0107",112,인클루시브리터러시의힘,김용하
국제관,="0107",120,수리학Ⅱ,류권규
국제관,="0107",127,영화속의과학이해,이혜진
국제관,="0107",229,대중음악의역사와문화,손명균
국제관,="0107",313,의사결정설계및분석,백천현
국제관,="0107",327,여대생진로설계,이정원
국제관,="0107",403,도시정책론,윤상복
국제관,="0107",420,폐기물처리공학Ⅱ,김정권
국제관,="0107",427,유기재료화학,정민수
국제관,="0107",516,금속열처리공학,박영도
국제관,="0107",520,표면공학특론,정찬영
국제관,="0107",603-1,건축기술특론,설현석
국제관,="0107",613,고급캡스톤디자인,양진국
국제관,="0107",614,고급캡스톤디자인,이상범
국제관,="0107",618,친환경주거시설에대한이해,박경순
국제관,="0107",619,고급캡스톤디자인,박률
국제관,="0107",620,고급캡스톤디자인,이형래
국제관,="0107",724,친환경건축,김희근
국제관,="0107",725,건축법규,석민철
국제관,="0108",112,인클루시브리터러시의힘,김용하
국제관,="0108",120,수리학Ⅱ,류권규
국제관,="0108",127,영화속의과학이해,이혜진
국제관,="0108",229,대중음악의역사와문화,손명균
국제관,="0108",313,의사결정설계및분석,백천현
국제관,="0108",318,기기분석특론,정민수
국제관,="0108",327,여대생진로설계,이정원
국제관,="0108",403,도시정책론,윤상복
국제관,="0108",427,물리화학Ⅱ,강병철
국제관,="0108",520,표면공학특론,정찬영
국제관,="0108",603-1,건축기술특론,설현석
국제관,="0108",613,고급캡스톤디자인,양진국
국제관,="0108",614,고급캡스톤디자인,이상범
국제관,="0108",618,친환경주거시설에대한이해,박경순
국제관,="0108",619,고급캡스톤디자인,박률
국제관,="0108",620,고급캡스톤디자인,이형래
국제관,="0108",725,건축법규,석민철
국제관,="0109",207,전공실기Ⅵ,최진현
국제관,="0109",209,전공실기Ⅵ,김성숙
국제관,="0109",301-1,졸업연주Ⅰ,하기종
국제관,="0110",112,창의캡스톤디자인,민병현
국제관,="0110",113,창의캡스톤디자인,손영석
국제관,="0110",115-B,접합공학특론,이상필
국제관,="0110",119,창의캡스톤디자인,이두호
국제관,="0110",121,구조진동론Ⅰ,이석민
국제관,="0110",221,구조역학특론,황주영
국제관,="0110",421,물재이용특론,정병길
국제관,="0111",115-B,접합공학특론,이상필
국제관,="0111",121,구조진동론Ⅰ,이석민
국제관,="0111",221,구조역학특론,황주영
국제관,="0111",421,물재이용특론,정병길
국제관,="0112",421,물재이용특론,정병길
국제관,="0113",206,전공실기(박)Ⅰ,김세미
국제관,="0114",510,교실 악기 실습 I,최연지
국제관,="0201",104,기업연계프로젝트Ⅱ,김권동
국제관,="0201",115,조형기법Ⅳ,강태훈
국제관,="0201",203,라이노CADⅡ,김미선
국제관,="0201",220,신발공학개론,심영주
국제관,="0201",225,어패럴패턴테크닉,김인화
국제관,="0201",318,웹인터랙티브디자인Ⅱ,심미영
국제관,="0201",328-1,연구및조사방법,강혜경
국제관,="0201",508,고급영양학,윤군애
국제관,="0201",812,VMD(캡스톤디자인),정현주
국제관,="0202",103,소통과협력,오용섭
국제관,="0202",104,기업연계프로젝트Ⅱ,김권동
국제관,="0202",115,조형기법Ⅳ,강태훈
국제관,="0202",203,라이노CADⅡ,김미선
국제관,="0202",220,신발공학개론,심영주
국제관,="0202",225,어패럴패턴테크닉,김인화
국제관,="0202",309,서양미술사Ⅱ,박경애
국제관,="0202",315,전공탐색과생애설계Ⅰ-Ⅱ,김민우
국제관,="0202",318,웹인터랙티브디자인Ⅱ,심미영
국제관,="0202",319,비쥬얼커뮤니케이션디자인Ⅱ,양재범
국제관,="0202",328,영유아교수방법론,홍성희
국제관,="0202",328-1,연구및조사방법,강혜경
국제관,="0202",406,서양화연구Ⅱ,김성철
국제관,="0202",423,논문지도(박)Ⅱ,오용균
국제관,="0202",501,논리적사유와글쓰기,김용하
국제관,="0202",504,호스피탈리티중국어,이유주
국제관,="0202",505,전공탐색과생애설계Ⅰ-Ⅱ,손은주
국제관,="0202",507,기본영어,이미향
국제관,="0202",508,고급영양학,윤군애
국제관,="0202",812,VMD(캡스톤디자인),정현주
국제관,="0203",112,기계시스템설계,민병현
국제관,="0203",113,재료강도설계,이진경
국제관,="0203",120,철근콘크리트공학Ⅰ,황주영
국제관,="0203",121,철학의향기와역사이야기,김예슬
국제관,="0203",127,철학의향기와역사이야기,이은정
국제관,="0203",208,조선해양생산시스템공학,이재용
국제관,="0203",215,선박계산,윤석태
국제관,="0203",216,열역학,조용진
국제관,="0203",221,전산구조해석,이석민
국제관,="0203",229,해양시스템입문,신형철
국제관,="0203",305-A,의사결정설계및분석,백천현
국제관,="0203",313,스마트제조시스템,유종훈
국제관,="0203",319,응용역학실무,정범석
국제관,="0203",406,도시개발계획론,백태경
국제관,="0203",413,문학과삶(슬로리딩),김수환
국제관,="0203",416,철학의향기와역사이야기,김인호
국제관,="0203",420,환경화학Ⅱ,김노원
국제관,="0203",421,환경법규,정병길
국제관,="0203",427,프로그래밍언어및실습,문인혁
국제관,="0203",427,프로그래밍언어및실습,문인혁
국제관,="0203",513,첨단전자소재공학,이원재
국제관,="0203",514,도시재생,윤상복
국제관,="0203",516,재료과학개론Ⅰ,박성수
국제관,="0203",518,코너스톤디자인,성충현
국제관,="0203",518,코너스톤디자인,성충현
국제관,="0203",519,코너스톤디자인,이근형
국제관,="0203",519,코너스톤디자인,이근형
국제관,="0203",520,재료강도학,윤치상
국제관,="0203",521,부식과방식,정찬영
국제관,="0203",527,열전달,정소담
국제관,="0203",616,비용관리,이상범
국제관,="0203",620,구조역학Ⅱ,이형래
국제관,="0203",701-B,건축설계Ⅱ,양재혁
국제관,="0203",701-C,건축설계Ⅱ,엄지호
국제관,="0203",702-B,건축설계Ⅳ,김은희
국제관,="0203",702-C,건축설계Ⅳ,전상욱
국제관,="0203",703-Ⅰ,건축설계Ⅳ,강영
국제관,="0203",703-Ⅱ,건축설계Ⅵ(캡스톤디자인),최준석
국제관,="0203",703-B,건축설계Ⅳ,석민철
국제관,="0203",703-C,건축설계Ⅳ,신병윤
국제관,="0203",703-D,건축설계Ⅵ(캡스톤디자인),정진균
국제관,="0203",704-Ⅰ,건축설계Ⅵ(캡스톤디자인),이태문
국제관,="0203",704-Ⅱ,건축설계Ⅷ,허진우
국제관,="0203",704-B,건축설계Ⅵ(캡스톤디자인),이수헌
국제관,="0203",704-C,건축설계Ⅵ(캡스톤디자인),최임주
국제관,="0203",704-D,건축설계Ⅷ,이권형
국제관,="0203",704-E,건축설계Ⅷ,김희근
국제관,="0203",735-A,건축설계Ⅱ,조재득
국제관,="0203",735-B,건축설계Ⅱ,조현석
국제관,="0203",735-C,건축설계Ⅱ,노진석
국제관,="0204",301,화공기초실험Ⅱ,양진경
국제관,="0204",420,대학일반화학Ⅱ,김노원
국제관,="0204",427,프로그래밍언어및실습,문인혁
국제관,="0204",427,프로그래밍언어및실습,문인혁
국제관,="0204",513,고분자가공,김미라
국제관,="0204",516,전공탐색과생애설계Ⅰ-Ⅱ,김일수
국제관,="0204",518,코너스톤디자인,성충현
국제관,="0204",518,코너스톤디자인,성충현
국제관,="0204",519,코너스톤디자인,이근형
국제관,="0204",519,코너스톤디자인,이근형
국제관,="0204",520,재료분석실습,조일국
국제관,="0204",521,부식과방식,정찬영
국제관,="0204",616,건축시공학Ⅱ,양진국
국제관,="0204",620,구조역학Ⅱ,이형래
국제관,="0204",701-B,건축설계Ⅱ,양재혁
국제관,="0204",701-C,건축설계Ⅱ,엄지호
국제관,="0204",702-B,건축설계Ⅳ,김은희
국제관,="0204",702-C,건축설계Ⅳ,전상욱
국제관,="0204",703-Ⅰ,건축설계Ⅳ,강영
국제관,="0204",703-Ⅱ,건축설계Ⅵ(캡스톤디자인),최준석
국제관,="0204",703-B,건축설계Ⅳ,석민철
국제관,="0204",703-C,건축설계Ⅳ,신병윤
국제관,="0204",703-D,건축설계Ⅵ(캡스톤디자인),정진균
국제관,="0204",704-Ⅰ,건축설계Ⅵ(캡스톤디자인),이태문
국제관,="0204",704-Ⅱ,건축설계Ⅷ,허진우
국제관,="0204",704-B,건축설계Ⅵ(캡스톤디자인),이수헌
국제관,="0204",704-C,건축설계Ⅵ(캡스톤디자인),최임주
국제관,="0204",704-D,건축설계Ⅷ,이권형
국제관,="0204",704-E,건축설계Ⅷ,김희근
국제관,="0204",735-A,건축설계Ⅱ,조재득
국제관,="0204",735-B,건축설계Ⅱ,조현석
국제관,="0204",735-C,건축설계Ⅱ,노진석
국제관,="0205",112,열전달,손영석
국제관,="0205",113,고체역학,이상필
국제관,="0205",119,소성공학,곽효서
국제관,="0205",120,재료역학Ⅱ,정범석
국제관,="0205",127,전공탐색과생애설계Ⅰ-Ⅱ,문두열
국제관,="0205",208,선박추진기설계,서성부
국제관,="0205",215,철학의향기와역사이야기,구자상
국제관,="0205",216,응용통계학,조용진
국제관,="0205",229,전공탐색과생애설계Ⅰ-Ⅱ,이상현
국제관,="0205",301,화공기초실험Ⅱ,양진경
국제관,="0205",302,SCM,유종훈
국제관,="0205",318,분리기술,정소담
국제관,="0205",319,측량학실무,이석민
국제관,="0205",327,화학반응공학Ⅱ,이강춘
국제관,="0205",402,전기전자회로및실습,김완우
국제관,="0205",403,마이크로 도시계획과 입체적 도시개발,김형보
국제관,="0205",411,도시기반시설공학특론,황주영
국제관,="0205",413,ICT융합기술론,심성현
국제관,="0205",419,영어회화,케이티
국제관,="0205",420,물리화학적폐수처리공학,정병길
국제관,="0205",513,영어회화,닐햄
국제관,="0205",516,ICT융합기술론,정찬영
국제관,="0205",518,복합소재응용,박성수
국제관,="0205",519,전도성고분자응용기술,오원태
국제관,="0205",520,재료분석실습,조일국
국제관,="0205",521,영어회화,다니엘쉐리든
국제관,="0205",703-Ⅱ,건축설계Ⅵ(캡스톤디자인),최준석
국제관,="0205",703-D,건축설계Ⅵ(캡스톤디자인),정진균
국제관,="0205",704-Ⅰ,건축설계Ⅵ(캡스톤디자인),이태문
국제관,="0205",704-B,건축설계Ⅵ(캡스톤디자인),이수헌
국제관,="0205",704-C,건축설계Ⅵ(캡스톤디자인),최임주
국제관,="0206",104,호스피탈리티고객만족경영론,이상호
국제관,="0206",106,호텔조식메뉴실습,김권동
국제관,="0206",116,금속디자인Ⅳ,천은정
국제관,="0206",201,리빙크라프트디자인Ⅱ(캡스톤디자인),이성원
국제관,="0206",203,3D프린터기초,김미선
국제관,="0206",217,현대미술산책,박경애
국제관,="0206",223,인테리어디자인Ⅱ,김경미
국제관,="0206",309,미술과비평(산학연계학),임영매
국제관,="0206",318,광고사진과이미지,양재범
국제관,="0206",416,한국화실기Ⅳ,김형률
국제관,="0206",421,브랜드패키지디자인Ⅱ,오용균
국제관,="0206",423,제품·환경디자인Ⅰ,강재철
국제관,="0206",505,아동상담,손은주
국제관,="0206",508,급식경영학,임화재
국제관,="0206",513,실험조리및관능평가,장혜림
국제관,="0206",813,창작의상(캡스톤디자인),김혜은
국제관,="0207",112,아름다움의이해,김용하
국제관,="0207",113,동역학,손인수
국제관,="0207",119,동역학,이두호
국제관,="0207",127,공무원수험영어가이드,이혜진
국제관,="0207",216,해양시추및플랜트공학,이재용
국제관,="0207",218,재료강도설계,이진경
국제관,="0207",229,촉매공학,강경구
국제관,="0207",230,디지털건축Ⅲ,이권형
국제관,="0207",301,화공기초실험Ⅱ,양진경
국제관,="0207",318,에너지공학개론,이강춘
국제관,="0207",403,마이크로 도시계획과 입체적 도시개발,김형보
국제관,="0207",411,도시기반시설공학특론,황주영
국제관,="0207",413,생활속의통계이해,김수환
국제관,="0207",416,기계시스템설계,민병현
국제관,="0207",420,물리화학적폐수처리공학,정병길
국제관,="0207",421,폐기물처리공학Ⅱ,김정권
국제관,="0207",427,기업채용직무적성특강,조재균
국제관,="0207",501,논문지도(석),정찬영
국제관,="0207",502,논문지도(석),이원재
국제관,="0207",504,논문지도(석),조일국
국제관,="0207",516,재료상변태,신병철
국제관,="0207",519,배터리공학,한선부
국제관,="0207",520,금속조직학,이인섭
국제관,="0207",521,고분자합성,김미라
국제관,="0207",527,자기분석과경력관리,이철균
국제관,="0207",605-A,건축생산학,이상범
국제관,="0207",616,건축설비시공및적산,박률
국제관,="0207",627-C,건축고급CAD,전용준
국제관,="0207",725,디지털건축Ⅱ,허진우
국제관,="0207",725,디지털건축Ⅱ,허진우
국제관,="0208",103,온라인협업,황지영
국제관,="0208",104,호스피탈리티관리회계,김양기
국제관,="0208",322,전공탐색과진로설계Ⅱ-Ⅱ,이성원
국제관,="0208",323,전공탐색과진로설계Ⅱ-Ⅱ,김민우
국제관,="0208",324,전공탐색과진로설계Ⅱ-Ⅱ,강재철
국제관,="0208",325,전공탐색과진로설계Ⅱ-Ⅱ,양재범
국제관,="0208",326,전공탐색과진로설계Ⅱ-Ⅱ,오용균
국제관,="0208",328,전공탐색과진로설계Ⅱ-Ⅱ,홍성희
국제관,="0208",328,지도교수세미나Ⅲ-Ⅱ,홍성희
국제관,="0208",328,지도교수세미나Ⅳ-Ⅱ,홍성희
국제관,="0208",328-1,지도교수세미나Ⅲ-Ⅱ,강혜경
국제관,="0208",328-1,지도교수세미나Ⅳ-Ⅱ,강혜경
국제관,="0208",328-1,전공탐색과진로설계Ⅱ-Ⅱ,강혜경
국제관,="0208",330,전공탐색과진로설계Ⅱ-Ⅱ,손은주
국제관,="0208",330,지도교수세미나Ⅳ-Ⅱ,손은주
국제관,="0208",330,지도교수세미나Ⅲ-Ⅱ,손은주
국제관,="0208",433,지도교수세미나Ⅳ-Ⅱ,황혜진
국제관,="0208",433,지도교수세미나Ⅲ-Ⅱ,황혜진
국제관,="0208",433,전공탐색과진로설계Ⅱ-Ⅱ,황혜진
국제관,="0208",501,전공탐색과진로설계Ⅱ-Ⅱ,현숙경
국제관,="0208",501,지도교수세미나Ⅲ-Ⅱ,현숙경
국제관,="0208",501,지도교수세미나Ⅳ-Ⅱ,현숙경
국제관,="0208",502,지도교수세미나Ⅲ-Ⅱ,이지연
국제관,="0208",502,지도교수세미나Ⅳ-Ⅱ,이지연
국제관,="0208",502,전공탐색과진로설계Ⅱ-Ⅱ,이지연
국제관,="0208",507,전공탐색과진로설계Ⅱ-Ⅱ,윤군애
국제관,="0208",507,지도교수세미나Ⅲ-Ⅱ,윤군애
국제관,="0208",507,지도교수세미나Ⅳ-Ⅱ,윤군애
국제관,="0208",508,지도교수세미나Ⅳ-Ⅱ,임화재
국제관,="0208",508,지도교수세미나Ⅲ-Ⅱ,임화재
국제관,="0208",508,전공탐색과진로설계Ⅱ-Ⅱ,임화재
국제관,="0208",513,전공탐색과진로설계Ⅱ-Ⅱ,장혜림
국제관,="0208",513,지도교수세미나Ⅲ-Ⅱ,장혜림
국제관,="0208",513,지도교수세미나Ⅳ-Ⅱ,장혜림
국제관,="0208",607,전공탐색과진로설계Ⅱ-Ⅱ,김형률
국제관,="0208",610,전공탐색과진로설계Ⅱ-Ⅱ,윤경자
국제관,="0208",610,지도교수세미나Ⅲ-Ⅱ,윤경자
국제관,="0208",610,지도교수세미나Ⅳ-Ⅱ,윤경자
국제관,="0208",803,전공탐색과진로설계Ⅱ-Ⅱ,김인화
국제관,="0208",804,전공탐색과진로설계Ⅱ-Ⅱ,함연자
국제관,="0208",805,전공탐색과진로설계Ⅱ-Ⅱ,김혜은
국제관,="0208",810,전공탐색과진로설계Ⅱ-Ⅱ,정현주
국제관,="0209",101,지도교수세미나Ⅳ-Ⅱ,이상현
국제관,="0209",101,지도교수세미나Ⅳ-Ⅱ,이상현
국제관,="0209",103,지도교수세미나Ⅳ-Ⅱ,석명은
국제관,="0209",103,지도교수세미나Ⅳ-Ⅱ,석명은
국제관,="0209",105,지도교수세미나Ⅳ-Ⅱ,이두호
국제관,="0209",105,지도교수세미나Ⅳ-Ⅱ,이두호
국제관,="0209",112,지도교수세미나Ⅳ-Ⅱ,민병현
국제관,="0209",112,지도교수세미나Ⅳ-Ⅱ,민병현
국제관,="0209",113,지도교수세미나Ⅳ-Ⅱ,손영석
국제관,="0209",113,지도교수세미나Ⅳ-Ⅱ,손영석
국제관,="0209",115-B,지도교수세미나Ⅳ-Ⅱ,이상필
국제관,="0209",115-B,지도교수세미나Ⅳ-Ⅱ,이상필
국제관,="0209",119,지도교수세미나Ⅳ-Ⅱ,곽효서
국제관,="0209",119,지도교수세미나Ⅳ-Ⅱ,곽효서
국제관,="0209",125,지도교수세미나Ⅳ-Ⅱ,황주영
국제관,="0209",125,지도교수세미나Ⅲ-Ⅱ,황주영
국제관,="0209",126,지도교수세미나Ⅳ-Ⅱ,문두열
국제관,="0209",126,지도교수세미나Ⅲ-Ⅱ,문두열
국제관,="0209",208,지도교수세미나Ⅳ-Ⅱ,고대은
국제관,="0209",208,지도교수세미나Ⅲ-Ⅱ,고대은
국제관,="0209",208-A,지도교수세미나Ⅲ-Ⅱ,서성부
국제관,="0209",208-A,지도교수세미나Ⅳ-Ⅱ,서성부
국제관,="0209",215,지도교수세미나Ⅳ-Ⅱ,박일룡
국제관,="0209",215,지도교수세미나Ⅲ-Ⅱ,박일룡
국제관,="0209",216,지도교수세미나Ⅳ-Ⅱ,이재용
국제관,="0209",216,지도교수세미나Ⅳ-Ⅱ,조용진
국제관,="0209",216,지도교수세미나Ⅲ-Ⅱ,이재용
국제관,="0209",216,지도교수세미나Ⅲ-Ⅱ,조용진
국제관,="0209",218,지도교수세미나Ⅳ-Ⅱ,이진경
국제관,="0209",218,지도교수세미나Ⅳ-Ⅱ,이진경
국제관,="0209",225,지도교수세미나Ⅲ-Ⅱ,홍석우
국제관,="0209",225,지도교수세미나Ⅳ-Ⅱ,홍석우
국제관,="0209",226,지도교수세미나Ⅳ-Ⅱ,류권규
국제관,="0209",226,지도교수세미나Ⅲ-Ⅱ,류권규
국제관,="0209",227,지도교수세미나Ⅲ-Ⅱ,권기철
국제관,="0209",227,지도교수세미나Ⅳ-Ⅱ,권기철
국제관,="0209",228,지도교수세미나Ⅲ-Ⅱ,정범석
국제관,="0209",228,지도교수세미나Ⅳ-Ⅱ,정범석
국제관,="0209",302,지도교수세미나Ⅳ-Ⅱ,백천현
국제관,="0209",304-A,지도교수세미나Ⅳ-Ⅱ,심성현
국제관,="0209",407,지도교수세미나Ⅳ-Ⅱ,이현경
국제관,="0209",407,지도교수세미나Ⅲ-Ⅱ,이현경
국제관,="0209",409,지도교수세미나Ⅲ-Ⅱ,백태경
국제관,="0209",409,지도교수세미나Ⅳ-Ⅱ,백태경
국제관,="0209",613,지도교수세미나Ⅲ-Ⅱ,박경순
국제관,="0209",613,지도교수세미나Ⅳ-Ⅱ,박경순
국제관,="0209",613,전공탐색과진로설계Ⅱ-Ⅱ,박경순
국제관,="0209",614,지도교수세미나Ⅲ-Ⅱ,김삼열
국제관,="0209",614,전공탐색과진로설계Ⅱ-Ⅱ,김삼열
국제관,="0209",614,지도교수세미나Ⅳ-Ⅱ,김삼열
국제관,="0209",616,전공탐색과진로설계Ⅱ-Ⅱ,이상범
국제관,="0209",616,지도교수세미나Ⅲ-Ⅱ,이상범
국제관,="0209",616,지도교수세미나Ⅳ-Ⅱ,이상범
국제관,="0209",618,지도교수세미나Ⅳ-Ⅱ,박률
국제관,="0209",618,지도교수세미나Ⅲ-Ⅱ,박률
국제관,="0209",618,전공탐색과진로설계Ⅱ-Ⅱ,박률
국제관,="0209",619,전공탐색과진로설계Ⅱ-Ⅱ,이형래
국제관,="0209",619,지도교수세미나Ⅲ-Ⅱ,이형래
국제관,="0209",619,지도교수세미나Ⅳ-Ⅱ,이형래
국제관,="0209",706,지도교수세미나Ⅳ-Ⅱ,신병윤
국제관,="0209",706,지도교수세미나Ⅲ-Ⅱ,신병윤
국제관,="0209",706,전공탐색과진로설계Ⅱ-Ⅱ,신병윤
국제관,="0209",707,전공탐색과진로설계Ⅱ-Ⅱ,허진우
국제관,="0209",707,지도교수세미나Ⅲ-Ⅱ,허진우
국제관,="0209",707,지도교수세미나Ⅳ-Ⅱ,허진우
국제관,="0209",708,지도교수세미나Ⅳ-Ⅱ,양재혁
국제관,="0209",708,지도교수세미나Ⅲ-Ⅱ,양재혁
국제관,="0209",708,전공탐색과진로설계Ⅱ-Ⅱ,양재혁
국제관,="0209",709,전공탐색과진로설계Ⅱ-Ⅱ,이태문
국제관,="0209",709,지도교수세미나Ⅲ-Ⅱ,이태문
국제관,="0209",709,지도교수세미나Ⅳ-Ⅱ,이태문
국제관,="0209",710,지도교수세미나Ⅳ-Ⅱ,이권형
국제관,="0209",710,지도교수세미나Ⅲ-Ⅱ,이권형
국제관,="0209",710,전공탐색과진로설계Ⅱ-Ⅱ,이권형
국제관,="0209",728,지도교수세미나Ⅲ-Ⅱ,윤상복
국제관,="0209",728,지도교수세미나Ⅳ-Ⅱ,윤상복
국제관,="0209",729,지도교수세미나Ⅳ-Ⅱ,김형보
국제관,="0209",729,지도교수세미나Ⅲ-Ⅱ,김형보
국제관,="0210",115-B,응용수학특론 I,손영석
국제관,="0210",418-A,논문지도(박)Ⅰ,정병길
국제관,="0210",421,환경정책특론,김정권
국제관,="0211",404,전공실기Ⅱ,권성호
국제관,="0212",213,전공실기(석)Ⅲ,윤상운
국제관,="0212",404,전공실기Ⅱ,권성호
국제관,="0213",213,전공실기(석)Ⅲ,윤상운
국제관,="0214",510,편곡실습,연관호
국제관,="0301",112,기계시스템설계,민병현
국제관,="0301",215,선박계산,윤석태
국제관,="0301",216,선박해양구조역학Ⅱ,고대은
국제관,="0301",218,재료강도설계,이진경
국제관,="0301",229,코너스톤디자인,이상현
국제관,="0301",229,코너스톤디자인,이상현
국제관,="0301",319,토질및기초실무,홍석우
국제관,="0301",327,생물학,정민수
국제관,="0301",404-1,캡스톤디자인Ⅱ,이현경
국제관,="0301",406,도시개발계획론,백태경
국제관,="0301",413,코너스톤디자인,탁재영
국제관,="0301",413,코너스톤디자인,탁재영
국제관,="0301",419,화공수치해석,양진경
국제관,="0301",421,유체역학,이승원
국제관,="0301",427,코너스톤디자인,옥승호
국제관,="0301",427,코너스톤디자인,옥승호
국제관,="0301",516,ICT융합기술론,정찬영
국제관,="0301",518,재료강도학,윤치상
국제관,="0301",519,고분자분석,박성수
국제관,="0301",527,코너스톤디자인,김현수
국제관,="0301",527,코너스톤디자인,김현수
국제관,="0301",613,건물자동화설비,김삼열
국제관,="0301",614,건축환경,박경순
국제관,="0301",616,건축설비개론,박률
국제관,="0301",724,구조역학,신수미
국제관,="0302",104,프로그래밍언어및실습,손인수
국제관,="0302",112,기계시스템설계,민병현
국제관,="0302",121,철학의향기와역사이야기,김예슬
국제관,="0302",127,철학의향기와역사이야기,이은정
국제관,="0302",215,선박계산,윤석태
국제관,="0302",218,재료강도설계,이진경
국제관,="0302",229,코너스톤디자인,이상현
국제관,="0302",229,코너스톤디자인,이상현
국제관,="0302",313,스마트제조시스템,유종훈
국제관,="0302",319,토질및기초실무,홍석우
국제관,="0302",327,생물학,정민수
국제관,="0302",404-1,캡스톤디자인Ⅱ,이현경
국제관,="0302",406,도시개발계획론,백태경
국제관,="0302",413,코너스톤디자인,탁재영
국제관,="0302",413,코너스톤디자인,탁재영
국제관,="0302",416,철학의향기와역사이야기,김인호
국제관,="0302",419,화공수치해석,양진경
국제관,="0302",421,환경통계학,윤권감
국제관,="0302",427,코너스톤디자인,옥승호
국제관,="0302",427,코너스톤디자인,옥승호
국제관,="0302",516,ICT융합기술론,정찬영
국제관,="0302",518,재료강도학,윤치상
국제관,="0302",519,고분자분석,박성수
국제관,="0302",527,코너스톤디자인,김현수
국제관,="0302",527,코너스톤디자인,김현수
국제관,="0302",613,건물자동화설비,김삼열
국제관,="0302",724,도시디자인,신병윤
국제관,="0303",104,프로그래밍언어및실습,손인수
국제관,="0303",112,기계시스템설계,민병현
국제관,="0303",113,고체역학,이상필
국제관,="0303",119,동역학,이두호
국제관,="0303",121,철학의향기와역사이야기,김예슬
국제관,="0303",127,철학의향기와역사이야기,이은정
국제관,="0303",208,조선해양생산시스템공학,이재용
국제관,="0303",215,재료역학Ⅱ,고대은
국제관,="0303",218,재료강도설계,이진경
국제관,="0303",230,디지털건축Ⅲ,이권형
국제관,="0303",313,신뢰성공학,유종훈
국제관,="0303",319,토목시공실무,권기철
국제관,="0303",327,화학반응공학Ⅱ,이강춘
국제관,="0303",404-1,캡스톤디자인Ⅱ,이현경
국제관,="0303",416,철학의향기와역사이야기,김인호
국제관,="0303",420,환경법규,정병길
국제관,="0303",421,대기환경공학Ⅰ,손장호
국제관,="0303",504,코너스톤디자인,이근형
국제관,="0303",516,재료상변태,조일국
국제관,="0303",614,공기조화설비,박률
국제관,="0303",616,캡스톤디자인Ⅰ,윤석태
국제관,="0303",620,재료역학,이형래
국제관,="0303",627-C,디지털건축Ⅱ,허진우
국제관,="0303",723,건축시공,이상범
국제관,="0304",103,미래형자동차구조,강민수
국제관,="0304",106,호텔조식메뉴실습,김권동
국제관,="0304",116,기초금속디자인Ⅱ,천은정
국제관,="0304",203,디지털디자인Ⅱ,이원희
국제관,="0304",220,디자인프로세스및방법론,김종엽
국제관,="0304",222,신발디자인Ⅳ,김민우
국제관,="0304",224,패션디자인발상,함연자
국제관,="0304",302,시각적사고와표현Ⅱ,김효은
국제관,="0304",309,미술개론,이덕진
국제관,="0304",318,시각정보디자인Ⅱ,오용균
국제관,="0304",328,아동권리와복지,홍성희
국제관,="0304",403,발상과표현Ⅱ,이성원
국제관,="0304",421,영상컨텐츠디자인Ⅱ,오지은
국제관,="0304",423,공예디자인Ⅰ,노승욱
국제관,="0304",505,논리적사유와글쓰기,정윤희
국제관,="0304",507,임상영양학,황혜진
국제관,="0304",508,논리적사유와글쓰기,최미현
국제관,="0304",707,논문지도(석),이지연
국제관,="0304",712,디지털패션디자인,김혜은
국제관,="0304",812,글로벌패션마케팅,정현주
국제관,="0305",103,자료구조,우영운
국제관,="0305",116,기초금속디자인Ⅱ,천은정
국제관,="0305",203,디지털디자인Ⅱ,이원희
국제관,="0305",220,퍼니쳐디자인Ⅱ,심주영
국제관,="0305",222,신발디자인Ⅳ,김민우
국제관,="0305",223,산학프로젝트Ⅱ,강재철
국제관,="0305",224,패션디자인발상,함연자
국제관,="0305",302,시각적사고와표현Ⅱ,김효은
국제관,="0305",309,미술개론,이덕진
국제관,="0305",315,광고기획과디자인Ⅱ(캡스톤디자인),양재범
국제관,="0305",316,테라코타,김성철
국제관,="0305",318,시각정보디자인Ⅱ,오용균
국제관,="0305",319,에디토리얼디자인Ⅱ,김광민
국제관,="0305",328-1,가계재무설계,강혜경
국제관,="0305",403,발상과표현Ⅱ,이성원
국제관,="0305",406,혼합매체연구Ⅱ,김형률
국제관,="0305",423,공예디자인Ⅰ,노승욱
국제관,="0305",501,논리적사유와글쓰기,윤혜경
국제관,="0305",507,임상영양학,황혜진
국제관,="0305",508,생화학Ⅰ,윤군애
국제관,="0305",513,실험조리및관능평가,장혜림
국제관,="0305",712,디지털패션디자인,김혜은
국제관,="0305",812,글로벌패션마케팅,정현주
국제관,="0305",813,패션디자인기초및실습,최무석
국제관,="0305",813,패션디자인기초및실습,최무석
국제관,="0306",102,정밀측정및실습,예상돈
국제관,="0306",112,영어회화,닐햄
국제관,="0306",113,영어회화,다니엘쉐리든
국제관,="0306",119,영어회화,다니엘블리드
국제관,="0306",120,동역학,손인수
국제관,="0306",127,문학과삶(슬로리딩),최중호
국제관,="0306",215,유체역학Ⅱ,박일룡
국제관,="0306",216,열역학,조용진
국제관,="0306",218,동역학,이두호
국제관,="0306",221,토목설계및캐드,이석민
국제관,="0306",229,경제성공학,신형철
국제관,="0306",318,문학과삶(슬로리딩),김용하
국제관,="0306",319,철근콘크리트및강구조실무,황주영
국제관,="0306",320,화학공정실험Ⅱ,정민수
국제관,="0306",327,물리화학Ⅱ,강병철
국제관,="0306",406,도시실무,이현경
국제관,="0306",411,지리정보시스템론Ⅰ,백태경
국제관,="0306",416,열전달,손영석
국제관,="0306",419,문학과삶(슬로리딩),제선미
국제관,="0306",420,환경화학Ⅱ,김노원
국제관,="0306",421,대기오염제어공학,손장호
국제관,="0306",427,촉매공학,강경구
국제관,="0306",513,재료의기계적성질,이근형
국제관,="0306",516,재료과학개론Ⅲ,김일수
국제관,="0306",519,디스플레이재료,한선부
국제관,="0306",520,금속표면공학,이인섭
국제관,="0306",605-A,구조동력학특론,박주현
국제관,="0306",613,문학과삶(슬로리딩),김은지
국제관,="0306",627-C,건축고급CAD,전용준
국제관,="0306",725,건축의장론,양재혁
국제관,="0307",115-B,교과교재연구및지도법(공업),허관도
국제관,="0307",127,재난과건설기술,문두열
국제관,="0307",216,수학콘서트,배정자
국제관,="0307",218,과학과인문학의만남,허창순
국제관,="0307",221,캡스톤디자인Ⅰ,이석민
국제관,="0307",229,IT세상의미래사회,장경식
국제관,="0307",318,기기분석특론,정민수
국제관,="0307",327,인공지능속수학,김수환
국제관,="0307",406,도시실무,이현경
국제관,="0307",411,지리정보시스템론Ⅰ,백태경
국제관,="0307",413,동양의지혜로세상읽기,구자상
국제관,="0307",414,융복합캡스톤디자인,유종훈
국제관,="0307",416,서양문명과음악,손명균
국제관,="0307",419,기초수학,강미광
국제관,="0307",420,환경화학Ⅱ,김노원
국제관,="0307",421,대기오염제어공학,손장호
국제관,="0307",427,환경과방사능,이수연
국제관,="0307",513,재료의기계적성질,이근형
국제관,="0307",516,재료물리,최두호
국제관,="0307",518,숲길걷기,신병철
국제관,="0307",519,배터리공학,한선부
국제관,="0307",521,기능성고분자가공,김미라
국제관,="0307",527,여대생취업실천전략,이임건
국제관,="0307",605-A,구조동력학특론,박주현
국제관,="0307",627-C,건축고급CAD,전용준
국제관,="0307",733-A,건설기초설계,이권형
국제관,="0307",733-B,건설기초설계,김희근
국제관,="0307",733-C,건설기초설계,석민철
국제관,="0307",734-A,건설기초설계,최지혜
국제관,="0308",115-B,교과교재연구및지도법(공업),허관도
국제관,="0308",127,재난과건설기술,문두열
국제관,="0308",216,수학콘서트,배정자
국제관,="0308",218,과학과인문학의만남,허창순
국제관,="0308",229,IT세상의미래사회,장경식
국제관,="0308",318,기기분석특론,정민수
국제관,="0308",327,인공지능속수학,김수환
국제관,="0308",413,동양의지혜로세상읽기,구자상
국제관,="0308",414,융복합캡스톤디자인,유종훈
국제관,="0308",416,서양문명과음악,손명균
국제관,="0308",419,기초수학,강미광
국제관,="0308",427,환경과방사능,이수연
국제관,="0308",516,재료물리,최두호
국제관,="0308",518,숲길걷기,신병철
국제관,="0308",519,배터리공학,한선부
국제관,="0308",521,기능성고분자가공,김미라
국제관,="0308",527,여대생취업실천전략,이임건
국제관,="0308",605-A,구조동력학특론,박주현
국제관,="0308",627-C,디지털건축Ⅱ,허진우
국제관,="0308",733-A,건설기초설계,이권형
국제관,="0308",733-B,건설기초설계,김희근
국제관,="0308",733-C,건설기초설계,석민철
국제관,="0308",734-A,건설기초설계,최지혜
국제관,="0309",121,구조진동론,이석민
국제관,="0309",221,비선형 구조해석,황주영
국제관,="0309",414,융복합캡스톤디자인,유종훈
국제관,="0309",605-A,원가관리론,양진국
국제관,="0309",627-C,디지털건축Ⅱ,허진우
국제관,="0309",733-A,건설기초설계,이권형
국제관,="0309",733-B,건설기초설계,김희근
국제관,="0309",733-C,건설기초설계,석민철
국제관,="0309",734-A,건설기초설계,최지혜
국제관,="0310",115-B,구조물 응력해석,이진경
국제관,="0310",121,구조진동론,이석민
국제관,="0310",221,비선형 구조해석,황주영
국제관,="0310",418-A,논문지도,정병길
국제관,="0310",421,유해폐기물처리특론,박남배
국제관,="0310",605-A,원가관리론,양진국
국제관,="0311",115-B,구조물 응력해석,이진경
국제관,="0311",121,구조진동론,이석민
국제관,="0311",130,전공실기Ⅳ,김한밀
국제관,="0311",221,비선형 구조해석,황주영
국제관,="0311",418-A,논문지도,정병길
국제관,="0311",421,유해폐기물처리특론,박남배
국제관,="0311",605-A,원가관리론,양진국
국제관,="0312",208,양생론Ⅱ,이해웅
국제관,="0312",211,수면생리론,권찬영
국제관,="0313",208,양생론Ⅱ,이해웅
국제관,="0314",616,논문지도,김영훈
국제관,="0314",620,특수연구,권혁기
국제관,="0314",910,공공성과관리론,이정은
국제관,="0401",106,베이커리이론및실습Ⅱ,서만석
국제관,="0401",204,산학과제프로젝트(3D프린터)Ⅱ,김미선
국제관,="0401",223,퍼니쳐디자인Ⅳ,심주영
국제관,="0401",224,패션디자인발상,함연자
국제관,="0401",311,서양화실기Ⅳ,김성철
국제관,="0401",318,타이포그라피Ⅱ,김광민
국제관,="0401",328,보육과정,홍성희
국제관,="0401",420,소조Ⅱ,강태훈
국제관,="0401",503,교육평가,이영학
국제관,="0401",712,디지털패션디자인,김혜은
국제관,="0402",102,정밀측정및실습,예상돈
국제관,="0402",104,프로그래밍언어및실습,손인수
국제관,="0402",120,철근콘크리트공학Ⅰ,황주영
국제관,="0402",121,영어회화,다니엘쉐리든
국제관,="0402",208,스마트선박해양IoT입문,이재용
국제관,="0402",216,해양구조물운동역학,박일룡
국제관,="0402",221,고급캡스톤디자인,서민수
국제관,="0402",229,조선해양구조개론,고대은
국제관,="0402",304,논문지도(석),심성현
국제관,="0402",305-A,코너스톤디자인,이상현
국제관,="0402",318,에너지공학개론,이강춘
국제관,="0402",319,토목시공실무,권기철
국제관,="0402",401-A,환경오염실험Ⅱ,정병길
국제관,="0402",403,토지이용계획론,백태경
국제관,="0402",406,컴퓨터응용기법,이현경
국제관,="0402",419,대학일반화학Ⅱ,정민수
국제관,="0402",421,자원공학,이승원
국제관,="0402",513,첨단전자소재공학,이원재
국제관,="0402",514,도시재생,윤상복
국제관,="0402",516,철학의향기와역사이야기,김예슬
국제관,="0402",518,철학의향기와역사이야기,구자상
국제관,="0402",519,전도성고분자응용기술,오원태
국제관,="0402",521,첨단금속소재,윤치상
국제관,="0402",527,ICT융합기술론,박성수
국제관,="0402",618,영어회화,닐햄
국제관,="0402",619,영어회화,아데
국제관,="0402",627-C,건축설비BIM설계,이권형
국제관,="0402",723,건축시공,이상범
국제관,="0402",724,구조역학,신수미
국제관,="0402",725,근현대건축사,양재혁
국제관,="0403",104,프로그래밍언어및실습,손인수
국제관,="0403",112,정밀측정및실습,예상돈
국제관,="0403",119,유체기계,석명은
국제관,="0403",120,수리학Ⅱ,류권규
국제관,="0403",121,영어회화,다니엘쉐리든
국제관,="0403",127,ICT융합기술론,임중선
국제관,="0403",216,선박추진기설계,서성부
국제관,="0403",221,고급캡스톤디자인,서민수
국제관,="0403",229,조선해양구조개론,고대은
국제관,="0403",304,논문지도(석),심성현
국제관,="0403",318,에너지공학개론,이강춘
국제관,="0403",401-A,환경오염실험Ⅱ,정병길
국제관,="0403",403,토지이용계획론,백태경
국제관,="0403",406,컴퓨터응용기법,이현경
국제관,="0403",419,대학일반화학Ⅱ,정민수
국제관,="0403",420,폐기물처리공학설계(산학연계학),김정권
국제관,="0403",421,자원공학,이승원
국제관,="0403",501,코너스톤디자인,성충현
국제관,="0403",504,코너스톤디자인,이근형
국제관,="0403",513,첨단전자소재공학,이원재
국제관,="0403",514,도시계획법규,윤상복
국제관,="0403",516,철학의향기와역사이야기,김예슬
국제관,="0403",518,철학의향기와역사이야기,구자상
국제관,="0403",519,전도성고분자응용기술,오원태
국제관,="0403",520,금속조직학,이인섭
국제관,="0403",521,첨단금속소재,윤치상
국제관,="0403",603-1,지진공학,이형래
국제관,="0403",613,건축계획론Ⅱ,김윤아
국제관,="0403",614,세라믹재료,김일수
국제관,="0403",616,건축시공학Ⅱ,양진국
국제관,="0403",618,영어회화,닐햄
국제관,="0403",619,영어회화,아데
국제관,="0403",627-C,건축설비BIM설계,이권형
국제관,="0403",723,건축시공,이상범
국제관,="0404",112,영어회화,닐햄
국제관,="0404",113,영어회화,다니엘쉐리든
국제관,="0404",119,영어회화,다니엘블리드
국제관,="0404",127,ICT융합기술론,임중선
국제관,="0404",318,현장실습공학(산학연계학),정소담
국제관,="0404",401-A,환경오염실험Ⅱ,정병길
국제관,="0404",420,폐기물처리공학설계(산학연계학),김정권
국제관,="0404",501,코너스톤디자인,성충현
국제관,="0404",504,코너스톤디자인,이근형
국제관,="0404",514,도시계획론,김형보
국제관,="0404",518,복합소재응용,박성수
국제관,="0404",602-2,건설기초설계,김광주
국제관,="0404",603-1,지진공학,이형래
국제관,="0404",613,건축계획론Ⅱ,김윤아
국제관,="0404",616,건축시공학Ⅱ,양진국
국제관,="0404",627-C,건축설비BIM설계,이권형
국제관,="0404",723,건축과사회,이태문
국제관,="0405",104,CAD/CAM,예상돈
국제관,="0405",113,고체역학,이상필
국제관,="0405",115-B,교과교재연구및지도법(공업),허관도
국제관,="0405",127,운동물리학입문,이석민
국제관,="0405",215,응용통계학,조용진
국제관,="0405",218,열역학,석명은
국제관,="0405",229,화학공정설계(캡스톤디자인),정소담
국제관,="0405",301,화공기초실험Ⅱ,강병철
국제관,="0405",305-A,CAD/CAM,배효준
국제관,="0405",313,실험계획법,이승훈
국제관,="0405",318,화학공정설계(캡스톤디자인),강경구
국제관,="0405",327,운동물리학입문,신형철
국제관,="0405",401-A,환경오염실험Ⅱ,손장호
국제관,="0405",402,CAD/CAM,홍성기
국제관,="0405",403,도시정책분석론,윤상복
국제관,="0405",406,컴퓨터응용기법,이현경
국제관,="0405",416,단지계획특론,김형보
국제관,="0405",419,미적분학입문,강미광
국제관,="0405",427,일반화학입문,강동현
국제관,="0405",513,일반물리학입문,이수연
국제관,="0405",516,재료과학개론Ⅲ,김일수
국제관,="0405",519,응고및주조,조일국
국제관,="0405",520,부식과방식,정찬영
국제관,="0405",521,고분자가공,김미라
국제관,="0405",602-2,건설기초설계,김광주
국제관,="0405",603-1,지진공학,이형래
국제관,="0405",613,건축계획론Ⅱ,김윤아
국제관,="0405",627-C,건축설비BIM설계,이권형
국제관,="0405",723,단지계획론,최임주
국제관,="0405",725,건축이론과비평,허진우
국제관,="0406",103,스마트호텔정보시스템이론및실무,이상호
국제관,="0406",104,호스피탈리티인적자원관리,김지민
국제관,="0406",204,디자인컨텐츠기획(창업)Ⅱ,최정윤
국제관,="0406",217,미학입문,임영매
국제관,="0406",220,인테리어디자인CADⅡ,김선아
국제관,="0406",222,제품디자인Ⅳ,강재철
국제관,="0406",223,제품디자인Ⅱ,김종엽
국제관,="0406",224,패션창업,최무석
국제관,="0406",318,일러스트레이션Ⅱ,김효은
국제관,="0406",328,영유아교수방법론,홍성희
국제관,="0406",401,렌더링Ⅱ,이성원
국제관,="0406",406,한국화창작실기Ⅱ,김형률
국제관,="0406",422,산업디자인Ⅱ,김민우
국제관,="0406",423,논문지도(석),김성철
국제관,="0406",502,철학의향기와역사이야기,이은정
국제관,="0406",504,부품제작및실습,김영이
국제관,="0406",505,아동상담,손은주
국제관,="0406",507,약선재료개발및실습,장혜림
국제관,="0406",508,영양사현장실습(산학연계학),현숙경
국제관,="0406",801,텍스타일디자인및실습,노영주
국제관,="0407",103,스마트호텔정보시스템이론및실무,이상호
국제관,="0407",104,호스피탈리티인적자원관리,김지민
국제관,="0407",204,디자인컨텐츠기획(창업)Ⅱ,최정윤
국제관,="0407",217,미학입문,임영매
국제관,="0407",222,제품디자인Ⅳ,강재철
국제관,="0407",223,제품디자인Ⅱ,김종엽
국제관,="0407",401,렌더링Ⅱ,이성원
국제관,="0407",406,한국화창작실기Ⅱ,김형률
국제관,="0407",422,산업디자인Ⅱ,김민우
국제관,="0407",423,논문지도(석),김성철
국제관,="0407",501,소통과젠더,유창민
국제관,="0407",502,철학의향기와역사이야기,이은정
국제관,="0407",503,교육사회,강보은
국제관,="0407",504,부품제작및실습,김영이
국제관,="0407",505,기본영어,권성진
국제관,="0407",507,약선재료개발및실습,장혜림
국제관,="0407",508,식품가공및저장학,이지연
국제관,="0408",101,기계공학실험Ⅰ,곽효서
국제관,="0408",103,기계공학실험Ⅰ,석명은
국제관,="0408",104,CAD/CAM,예상돈
국제관,="0408",112,게임이론과전략적사고의이해,김용하
국제관,="0408",115-B,비파괴시험특론,이진경
국제관,="0408",127,인문과학의지식세계,문두열
국제관,="0408",221,캡스톤디자인Ⅰ,이석민
국제관,="0408",301,화공기초실험Ⅱ,강병철
국제관,="0408",305-A,CAD/CAM,배효준
국제관,="0408",401-A,환경오염실험Ⅱ,손장호
국제관,="0408",402,CAD/CAM,홍성기
국제관,="0408",406,도시실무,이현경
국제관,="0408",416,타운플래닝리뷰,김형보
국제관,="0408",419,미적분학입문,강미광
국제관,="0408",420,기기분석(캡스톤디자인),이성인
국제관,="0408",427,일반화학입문,강동현
국제관,="0408",501,논문지도(석),박영도
국제관,="0408",513,일반물리학입문,이수연
국제관,="0408",603-1,위생설비시스템특론,박률
국제관,="0408",616,철근콘크리트구조Ⅱ,박주현
국제관,="0408",627-C,건축고급CAD,이학민
국제관,="0408",717,건축계획특론,허진우
국제관,="0409",101,기계공학실험Ⅰ,곽효서
국제관,="0409",103,기계공학실험Ⅰ,석명은
국제관,="0409",112,창의캡스톤디자인,민병현
국제관,="0409",113,창의캡스톤디자인,손영석
국제관,="0409",115-B,비파괴시험특론,이진경
국제관,="0409",119,창의캡스톤디자인,이두호
국제관,="0409",121,흙의 거동론,홍석우
국제관,="0409",605-A,건축생산학,이상범
국제관,="0409",627-C,건축고급CAD,이학민
국제관,="0409",717,건축계획특론,허진우
국제관,="0410",112,창의캡스톤디자인,민병현
국제관,="0410",113,창의캡스톤디자인,손영석
국제관,="0410",119,창의캡스톤디자인,이두호
국제관,="0410",121,흙의 거동론,홍석우
국제관,="0410",421,환경시설설계 특론,송한용
국제관,="0410",605-A,건축생산학,이상범
국제관,="0411",121,흙의 거동론,홍석우
국제관,="0411",421,환경시설설계 특론,송한용
국제관,="0411",605-A,건축생산학,이상범
국제관,="0412",421,환경시설설계 특론,송한용
국제관,="0413",109,CAE응용,장성욱
국제관,="0413",417,모바일로보틱스,옥승호
국제관,="0413",817,빅데이터개론,장시웅
국제관,="0413",914,딥러닝특론,권순각
국제관,="0414",417,임상운동치료학특론,이수경
국제관,="0414",909,최신지역사회연구방법론,김혜진
국제관,="0501",112,소성공학,곽효서
국제관,="0501",119,CAD/CAM,예상돈
국제관,="0501",119,CAD/CAM,예상돈
국제관,="0501",218,CAD/CAM,배효준
국제관,="0501",218,CAD/CAM,배효준
국제관,="0501",229,CAD/CAM,손인수
국제관,="0501",229,CAD/CAM,손인수
국제관,="0501",327,운동물리학입문,신형철
국제관,="0501",329,화학공학실험Ⅱ,정소담
국제관,="0501",401-A,환경공학실험,김정권
국제관,="0501",411,사진측량학특론,문두열
국제관,="0501",419,미적분학입문,강미광
국제관,="0501",427,일반화학입문,강동현
국제관,="0501",513,일반물리학입문,이수연
국제관,="0501",520,신소재공학및실험,권택규
국제관,="0501",520,신소재공학및실험,권택규
국제관,="0501",521,고분자전자소재,성충현
국제관,="0501",527,CAD/CAM,홍성기
국제관,="0501",527,CAD/CAM,홍성기
국제관,="0501",616,건설사업관리,양진국
국제관,="0501",701-B,건축설계Ⅱ,양재혁
국제관,="0501",701-C,건축설계Ⅱ,엄지호
국제관,="0501",702-B,건축설계Ⅳ,김은희
국제관,="0501",702-C,건축설계Ⅳ,전상욱
국제관,="0501",703-Ⅰ,건축설계Ⅳ,강영
국제관,="0501",703-Ⅱ,건축설계Ⅵ(캡스톤디자인),최준석
국제관,="0501",703-B,건축설계Ⅳ,석민철
국제관,="0501",703-C,건축설계Ⅳ,신병윤
국제관,="0501",703-D,건축설계Ⅵ(캡스톤디자인),정진균
국제관,="0501",704-Ⅰ,건축설계Ⅵ(캡스톤디자인),이태문
국제관,="0501",704-Ⅱ,건축설계Ⅷ,허진우
국제관,="0501",704-B,건축설계Ⅵ(캡스톤디자인),이수헌
국제관,="0501",704-C,건축설계Ⅵ(캡스톤디자인),최임주
국제관,="0501",704-D,건축설계Ⅷ,이권형
국제관,="0501",704-E,건축설계Ⅷ,김희근
국제관,="0501",735-A,건축설계Ⅱ,조재득
국제관,="0501",735-B,건축설계Ⅱ,조현석
국제관,="0501",735-C,건축설계Ⅱ,노진석
국제관,="0502",103,확률과통계,김수환
국제관,="0502",217,미학입문,임영매
국제관,="0502",223,신발디자인Ⅱ(캡스톤디자인),심영주
국제관,="0502",224,포트폴리오디자인,김혜은
국제관,="0502",225,어패럴패턴테크닉,김인화
국제관,="0502",308,뉴미디어아트연구Ⅱ,김성철
국제관,="0502",330,보육교사론,손은주
국제관,="0502",401,가방디자인기초Ⅱ,이창원
국제관,="0502",508,식품가공및저장학,이지연
국제관,="0502",513,식품분석,장혜림
국제관,="0502",B106,소조Ⅳ,강태훈
국제관,="0503",103,확률과통계,김수환
국제관,="0503",204,디지털공예디자인Ⅱ,김미선
국제관,="0503",217,논리적사유와글쓰기,김용하
국제관,="0503",222,인테리어디자인Ⅳ,김선아
국제관,="0503",223,신발디자인Ⅱ(캡스톤디자인),심영주
국제관,="0503",224,포트폴리오디자인,김혜은
국제관,="0503",225,어패럴패턴테크닉,김인화
국제관,="0503",308,뉴미디어아트연구Ⅱ,김성철
국제관,="0503",309,한국미술사,유현욱
국제관,="0503",315,디자인매니지먼트,박찬흠
국제관,="0503",318,디자인리서치,최보윤
국제관,="0503",330,보육교사론,손은주
국제관,="0503",401,가방디자인기초Ⅱ,이창원
국제관,="0503",508,식품가공및저장학,이지연
국제관,="0503",513,식품분석,장혜림
국제관,="0503",B106,소조Ⅳ,강태훈
국제관,="0504",103,확률과통계,김수환
국제관,="0504",204,디지털공예디자인Ⅱ,김미선
국제관,="0504",217,논리적사유와글쓰기,김용하
국제관,="0504",222,인테리어디자인Ⅳ,김선아
국제관,="0504",223,신발디자인Ⅱ(캡스톤디자인),심영주
국제관,="0504",224,포트폴리오디자인,김혜은
국제관,="0504",308,뉴미디어아트연구Ⅱ,김성철
국제관,="0504",309,한국미술사,유현욱
국제관,="0504",315,디자인매니지먼트,박찬흠
국제관,="0504",318,디자인리서치,최보윤
국제관,="0504",328-1,연구및조사방법,강혜경
국제관,="0504",401,목공예디자인Ⅱ,박성호
국제관,="0504",508,영양교육및상담실습,임화재
국제관,="0504",513,식품분석,장혜림
국제관,="0504",B106,소조Ⅳ,강태훈
국제관,="0505",204,디지털공예디자인Ⅱ,김미선
국제관,="0505",222,인테리어디자인Ⅳ,김선아
국제관,="0505",223,신발디자인Ⅱ(캡스톤디자인),심영주
국제관,="0505",309,전통회화창작실기,손형우
국제관,="0505",310,영상미디어아트,조형섭
국제관,="0505",319,멀티미디어디자인Ⅱ,오지은
국제관,="0505",328-1,소비자상담,강혜경
국제관,="0505",401,목공예디자인Ⅱ,박성호
국제관,="0505",405,기초조형Ⅱ,강태훈
국제관,="0505",421,창조·융합디자인Ⅱ,최보윤
국제관,="0505",423,시각정보디자인Ⅰ,양재범
국제관,="0505",508,영양교육및상담실습,임화재
국제관,="0505",610,가족상담,윤경자
국제관,="0505",813,복식문화사,최무석
국제관,="0506",204,디지털공예디자인Ⅱ,김미선
국제관,="0506",222,인테리어디자인Ⅳ,김선아
국제관,="0506",309,전통회화창작실기,손형우
국제관,="0506",310,영상미디어아트,조형섭
국제관,="0506",319,멀티미디어디자인Ⅱ,오지은
국제관,="0506",328-1,소비자상담,강혜경
국제관,="0506",401,목공예디자인Ⅱ,박성호
국제관,="0506",405,기초조형Ⅱ,강태훈
국제관,="0506",421,창조·융합디자인Ⅱ,최보윤
국제관,="0506",423,시각정보디자인Ⅰ,양재범
국제관,="0506",505,논리적사유와글쓰기,정윤희
국제관,="0506",508,논리적사유와글쓰기,최미현
국제관,="0506",610,가족상담,윤경자
국제관,="0507",309,전통회화창작실기,손형우
국제관,="0507",310,영상미디어아트,조형섭
국제관,="0507",319,멀티미디어디자인Ⅱ,오지은
국제관,="0507",421,창조·융합디자인Ⅱ,최보윤
국제관,="0507",423,시각정보디자인Ⅰ,양재범
국제관,="0507",505,논리적사유와글쓰기,정윤희
국제관,="0507",508,논리적사유와글쓰기,최미현
국제관,="0507",610,가족상담,윤경자
국제관,="0508",309,전통회화창작실기,손형우
국제관,="0508",319,멀티미디어디자인Ⅱ,오지은
국제관,="0508",421,창조·융합디자인Ⅱ,최보윤
국제관,="0509",133,전공실기Ⅷ,연관호
국제관,="0509",301-1,전공실기Ⅳ,유종호
국제관,="0509",305,전공실기Ⅳ,서숙지
국제관,="0509",412,전공실기Ⅷ,안은탁
국제관,="0510",517,재즈문화사,탁경주
국제관,="0510",614,디자인콘텐츠연구,김치용
국제관,="0511",517,이상심리학,이소영
국제관,="0511",614,디자인콘텐츠연구,김치용
국제관,="0511",813,지능화혁신연구프로젝트Ⅱ,옥승호
국제관,="0512",517,이상심리학,이소영
국제관,="0512",614,디자인콘텐츠연구,김치용
국제관,="0512",813,지능화혁신연구프로젝트Ⅱ,옥승호
국제관,="0513",324,논문지도(박)Ⅱ,김묘성
국제관,="0513",620-2,논문지도(박)Ⅱ,김명자
국제관,="0601",410,앱프로그래밍,이현섭
국제관,="0601",510,음악재활실습 II,안준희
국제관,="0601",517,음악재활실습 I,정미라
국제관,="0602",410,앱프로그래밍,이현섭
국제관,="0602",507-1,논문지도,탁경주
국제관,="0602",510,음악재활실습 II,안준희
국제관,="0602",517,음악재활실습 I,정미라
국제관,="0603",410,앱프로그래밍,이현섭
국제관,="0603",507-1,논문지도,탁경주
국제관,="0603",510,음악재활실습 II,안준희
국제관,="0603",517,음악재활실습 I,정미라
국제관,="0605",원격,의료데이터보안,
국제관,="0605",원격,유전자기반AI질병진단(메디컬지노믹스),
국제관,="0605",원격,바이오헬스의학용어,
국제관,="0605",원격,바이오헬스코딩수학,
국제관,="0606",원격,의료데이터보안,
국제관,="0606",원격,유전자기반AI질병진단(메디컬지노믹스),
국제관,="0607",원격,바이오헬스파이썬(Python)프로그래밍,
국제관,="0607",원격,모바일헬스케어프로그래밍,
국제관,="0607",원격,웨어러블디바이스개론,
국제관,="0607",원격,인체구조의이해및2D드로잉,
국제관,="0608",원격,바이오헬스파이썬(Python)프로그래밍,
국제관,="0608",원격,바이오헬스와한의학,
국제관,="0608",원격,모바일헬스케어프로그래밍,
국제관,="0608",원격,웨어러블디바이스개론,
국제관,="0608",원격,인체구조의이해및2D드로잉,
