음악관,="0101",402,논리적사유와글쓰기,안장혁
음악관,="0101",403,논리적사유와글쓰기,최중호
음악관,="0101",407,국제마케팅,이동철
음악관,="0101",502,기본영어,권성진
음악관,="0101",503-1,외식산업서비스운영관리,신지원
음악관,="0101",505,경영학의이해,최영민
음악관,="0101",507,산학연계품질경영,홍한국
음악관,="0101",607,실천경영학(캡스톤디자인),이경구
음악관,="0101",903,관광자원론,이은주
음악관,="0101",907,외식산업소비자행동론,공경배
음악관,="0101",908,조리원리,이성포
음악관,="0102",314,건설경영,양진국
음악관,="0102",410,프로그래밍및실습Ⅱ-B,박성훈
음악관,="0102",411,웹프로그래밍Ⅱ,이현섭
음악관,="0102",417,디지털영상처리Ⅱ,김남규
음악관,="0102",510,영상음악제작,인병오
음악관,="0102",517,대중음악세미나 I,김하영
음악관,="0102",616,VR엔진프로그래밍Ⅱ,서진석
음악관,="0102",618,프로그래밍기초Ⅱ,김근형
음악관,="0102",622,게임인공지능,오세웅
음악관,="0102",623,영어회화,데이비드스크래그즈
음악관,="0102",711,영화제작실습기초Ⅱ,박세영
음악관,="0102",713,스크린액팅실습,김진태
음악관,="0102",718,영상촬영기법,김영조
음악관,="0102",719,영상디자인심화,손국환
음악관,="0102",813,파이썬심화,윤주상
음악관,="0102",814-1,신소재공학및실험,윤제문
음악관,="0103",415,이산수학,이광의
음악관,="0103",417,디지털신호처리,김현태
음악관,="0103",510,컴퓨터음악입문Ⅰ,인병오
음악관,="0103",517,대중음악세미나 I,김하영
음악관,="0103",522,철학의향기와역사이야기,김명우
음악관,="0103",616,VR엔진프로그래밍Ⅱ,서진석
음악관,="0103",618,게임클라우드컴퓨팅시스템,김근형
음악관,="0103",623,3D게임그래픽및실습,윤태준
음악관,="0103",712,철학의향기와역사이야기,선우성혜
음악관,="0103",713,스크린액팅실습,김진태
음악관,="0103",714,한국영화,김이석
음악관,="0103",719,영상디자인심화,손국환
음악관,="0103",720,3D캐릭터개발,이정훈
음악관,="0103",801,일반물리학실험Ⅱ,이수연
음악관,="0103",814-1,신소재공학및실험,윤제문
음악관,="0104",401,회계원리,변설원
음악관,="0104",403,기업회계의이해,신희정
음악관,="0104",504,유통관리,정연주
음악관,="0104",506,빅데이터와지식경영,박기남
음악관,="0104",707,웹개발및응용,이종화
음악관,="0104",901,관광학개론,김미정
음악관,="0104",904,호스피탈리티기업리더십,왕새롬
음악관,="0104",909,캡스톤디자인Ⅰ,한상현
음악관,="0105",107,배드민턴Ⅱ,김찬룡
음악관,="0105",B101,교육무용,김희은
음악관,="0106",410,컴퓨터그래픽스Ⅱ,김남규
음악관,="0106",415,객체지향프로그래밍,장경식
음악관,="0106",417,영어회화,얀커트
음악관,="0106",517,보컬세미나 I,김주환
음악관,="0106",711,영화제작실습기초Ⅱ,박세영
음악관,="0106",712,임베디드소프트웨어,윤주상
음악관,="0106",713,캡스톤디자인Ⅰ,김병철
음악관,="0106",714,세계영화사연구Ⅱ,김경연
음악관,="0106",717,전공탐색과생애설계Ⅰ-Ⅱ,이정훈
음악관,="0106",719,영상디자인심화,손국환
음악관,="0106",720,3D콘텐츠제작,윤태준
음악관,="0106",811,영어회화,데이비드스크래그즈
음악관,="0107",401,투자론,김성태
음악관,="0107",403,캡스톤디자인Ⅰ,이재승
음악관,="0107",405,경영경제속기초수학,배정자
음악관,="0107",406,생활과세금,박상봉
음악관,="0107",503-1,고급재무회계,변설원
음악관,="0107",506,커리어자기개발및조직이해능력,김철민
음악관,="0107",507,경영지원시스템,김종원
음악관,="0107",612,논문지도(박)Ⅱ,이경구
음악관,="0107",901,해녀문화유산과부산,유형숙
음악관,="0107",903,관광마케팅,이봉구
음악관,="0107",904,창조관광·MICE의이해,여호근
음악관,="0107",907,외식산업인적자원경영론,김영훈
음악관,="0107",908,교과교재연구및지도법(조리),정은숙
음악관,="0107",909,대안관광론,김현지
음악관,="0107",910,실전창업과성공전략,김배걸
음악관,="0108",401,투자론,김성태
음악관,="0108",405,경영경제속기초수학,배정자
음악관,="0108",406,생활과세금,박상봉
음악관,="0108",503-1,고급재무회계,변설원
음악관,="0108",506,커리어자기개발및조직이해능력,김철민
음악관,="0108",612,논문지도(박)Ⅱ,이경구
음악관,="0108",616,호스피탈리티연구방법론,김영훈
음악관,="0108",901,해녀문화유산과부산,유형숙
음악관,="0108",904,창조관광·MICE의이해,여호근
음악관,="0108",907,전공탐색과생애설계Ⅰ-Ⅱ,박기용
음악관,="0108",908,교과교재연구및지도법(조리),정은숙
음악관,="0108",909,대안관광론,김현지
음악관,="0108",910,실전창업과성공전략,김배걸
음악관,="0109",1003,통합치위생관리과정Ⅰ,김경민
음악관,="0109",416,물리적인자치료임상실습(산학연계학),정주현
음악관,="0109",417,아동재활현장실무(산학연계학),김준석
음악관,="0109",507,약물효능검색특론,현경예
음악관,="0109",512,임상조직검사학실습,박충무
음악관,="0109",907,통합치위생관리과정Ⅱ,김혜진
음악관,="0110",109,논문지도(석),김현수
음악관,="0110",811,지능형시스템특론,장시웅
음악관,="0110",908,임베디드시스템특론,김성우
음악관,="0111",401,글로벌의료제도론,이정원
음악관,="0111",414,논문지도(박)Ⅱ,김병조
음악관,="0111",415,논문지도(박)Ⅱ,이수경
음악관,="0111",507,약물효능검색특론,현경예
음악관,="0111",810,갑상선·유방초음파영상학,안현
음악관,="0111",905,논문지도(석),김혜진
음악관,="0111",909,지식재산특론,이민경
음악관,="0112",110,인공지능Ⅱ,장성욱
음악관,="0113",414,논문지도(석),김병조
음악관,="0113",415,논문지도(석),이수경
음악관,="0113",507,IT-헬스케어특론,임용
음악관,="0113",909,지식재산특론,이민경
음악관,="0201",410,전기전자회로,이승헌
음악관,="0201",411,웹프로그래밍Ⅱ,이현섭
음악관,="0201",616,게임엔진프로그래밍Ⅱ,서진석
음악관,="0201",711,포스트프로덕션워크샵Ⅱ,박세영
음악관,="0201",717,캡스톤디자인Ⅰ,박성대
음악관,="0201",720,3D캐릭터개발,이정훈
음악관,="0201",811,인공지능심화,이정훈
음악관,="0201",814-1,신소재공학및실험,윤제문
음악관,="0202",B101,노인체육및실습,김희은
음악관,="0203",B101,노인체육및실습,김희은
음악관,="0204",109,고체역학,권현식
음악관,="0204",110,미래형자동차,김현수
음악관,="0204",306,안전관리및실습,서재수
음악관,="0204",410,기초자동제어,김승수
음악관,="0204",411,기초자동제어,이승헌
음악관,="0204",412,기초자동제어,황이철
음악관,="0204",510,전자기학Ⅱ,이돈규
음악관,="0204",511,전기설비공학,손광명
음악관,="0204",512,전기설비설계,최헌일
음악관,="0204",615,전자소자,한대현
음악관,="0204",620,디지털공학이론및실습,신진호
음악관,="0204",810,전공탐색과생애설계Ⅰ-Ⅱ,장종욱
음악관,="0204",812,자료구조,김진호
음악관,="0204",816,비주얼프로그래밍,장성진
음악관,="0204",911,영상처리,권순각
음악관,="0204",912,컴퓨터구조이론및실습,김성우
음악관,="0204",912,컴퓨터구조이론및실습,김성우
음악관,="0204",918,프로그래밍실습Ⅱ,박유현
음악관,="0205",000,축구Ⅱ,박재영
음악관,="0206",107,배구,박철홍
음악관,="0206",B101,필라테스재활특론,김희은
음악관,="0207",107,배구,박철홍
음악관,="0207",B101,필라테스재활특론,김희은
음악관,="0208",404,지도교수세미나Ⅲ-Ⅱ,조상리
음악관,="0208",404,전공탐색과진로설계Ⅱ-Ⅱ,조상리
음악관,="0208",404,지도교수세미나Ⅳ-Ⅱ,조상리
음악관,="0208",502,지도교수세미나Ⅳ-Ⅱ,조삼현
음악관,="0208",502,전공탐색과진로설계Ⅱ-Ⅱ,조삼현
음악관,="0208",502,지도교수세미나Ⅲ-Ⅱ,조삼현
음악관,="0208",504,지도교수세미나Ⅲ-Ⅱ,강명주
음악관,="0208",504,전공탐색과진로설계Ⅱ-Ⅱ,강명주
음악관,="0208",504,지도교수세미나Ⅳ-Ⅱ,강명주
음악관,="0208",601,지도교수세미나Ⅳ-Ⅱ,여호근
음악관,="0208",601,전공탐색과진로설계Ⅱ-Ⅱ,여호근
음악관,="0208",601,지도교수세미나Ⅲ-Ⅱ,여호근
음악관,="0208",602,지도교수세미나Ⅲ-Ⅱ,윤태환
음악관,="0208",602,전공탐색과진로설계Ⅱ-Ⅱ,윤태환
음악관,="0208",602,지도교수세미나Ⅳ-Ⅱ,윤태환
음악관,="0208",603,지도교수세미나Ⅳ-Ⅱ,추승우
음악관,="0208",603,전공탐색과진로설계Ⅱ-Ⅱ,추승우
음악관,="0208",603,지도교수세미나Ⅲ-Ⅱ,추승우
음악관,="0208",604,지도교수세미나Ⅲ-Ⅱ,유형숙
음악관,="0208",604,전공탐색과진로설계Ⅱ-Ⅱ,유형숙
음악관,="0208",604,지도교수세미나Ⅳ-Ⅱ,유형숙
음악관,="0208",605,전공탐색과진로설계Ⅱ-Ⅱ,왕새롬
음악관,="0208",605,지도교수세미나Ⅲ-Ⅱ,왕새롬
음악관,="0208",605,지도교수세미나Ⅳ-Ⅱ,왕새롬
음악관,="0208",609,지도교수세미나Ⅳ-Ⅱ,박상봉
음악관,="0208",609,지도교수세미나Ⅲ-Ⅱ,박상봉
음악관,="0208",609,전공탐색과진로설계Ⅱ-Ⅱ,박상봉
음악관,="0208",612,전공탐색과진로설계Ⅱ-Ⅱ,이경구
음악관,="0208",612,지도교수세미나Ⅲ-Ⅱ,이경구
음악관,="0208",612,지도교수세미나Ⅳ-Ⅱ,이경구
음악관,="0208",613,지도교수세미나Ⅲ-Ⅱ,이정은
음악관,="0208",613,전공탐색과진로설계Ⅱ-Ⅱ,이정은
음악관,="0208",613,지도교수세미나Ⅳ-Ⅱ,이정은
음악관,="0208",614,지도교수세미나Ⅳ-Ⅱ,김상조
음악관,="0208",614,지도교수세미나Ⅳ-Ⅱ,김상조
음악관,="0208",614,전공탐색과진로설계Ⅱ-Ⅱ,김상조
음악관,="0208",614,전공탐색과진로설계Ⅱ-Ⅱ,김상조
음악관,="0208",614,지도교수세미나Ⅲ-Ⅱ,김상조
음악관,="0208",614,지도교수세미나Ⅲ-Ⅱ,김상조
음악관,="0208",615,지도교수세미나Ⅲ-Ⅱ,박기남
음악관,="0208",615,지도교수세미나Ⅳ-Ⅱ,박기남
음악관,="0208",615,전공탐색과진로설계Ⅱ-Ⅱ,박기남
음악관,="0208",616,전공탐색과진로설계Ⅱ-Ⅱ,김영훈
음악관,="0208",616,지도교수세미나Ⅲ-Ⅱ,김영훈
음악관,="0208",616,지도교수세미나Ⅳ-Ⅱ,김영훈
음악관,="0208",618,지도교수세미나Ⅲ-Ⅱ,신희정
음악관,="0208",618,지도교수세미나Ⅳ-Ⅱ,신희정
음악관,="0208",618,전공탐색과진로설계Ⅱ-Ⅱ,신희정
음악관,="0208",619,전공탐색과진로설계Ⅱ-Ⅱ,배금광
음악관,="0208",619,지도교수세미나Ⅲ-Ⅱ,배금광
음악관,="0208",619,지도교수세미나Ⅳ-Ⅱ,배금광
음악관,="0208",620,지도교수세미나Ⅳ-Ⅱ,권혁기
음악관,="0208",620,지도교수세미나Ⅳ-Ⅱ,권혁기
음악관,="0208",620,지도교수세미나Ⅲ-Ⅱ,권혁기
음악관,="0208",620,지도교수세미나Ⅲ-Ⅱ,권혁기
음악관,="0208",620,전공탐색과진로설계Ⅱ-Ⅱ,권혁기
음악관,="0208",620,전공탐색과진로설계Ⅱ-Ⅱ,권혁기
음악관,="0208",621,전공탐색과진로설계Ⅱ-Ⅱ,김성태
음악관,="0208",621,전공탐색과진로설계Ⅱ-Ⅱ,김성태
음악관,="0208",621,지도교수세미나Ⅳ-Ⅱ,김성태
음악관,="0208",621,지도교수세미나Ⅳ-Ⅱ,김성태
음악관,="0208",621,지도교수세미나Ⅲ-Ⅱ,김성태
음악관,="0208",621,지도교수세미나Ⅲ-Ⅱ,김성태
음악관,="0208",622,지도교수세미나Ⅲ-Ⅱ,이동철
음악관,="0208",622,지도교수세미나Ⅲ-Ⅱ,이동철
음악관,="0208",622,전공탐색과진로설계Ⅱ-Ⅱ,이동철
음악관,="0208",622,전공탐색과진로설계Ⅱ-Ⅱ,이동철
음악관,="0208",622,지도교수세미나Ⅳ-Ⅱ,이동철
음악관,="0208",622,지도교수세미나Ⅳ-Ⅱ,이동철
음악관,="0208",704,전공탐색과진로설계Ⅱ-Ⅱ,한상현
음악관,="0208",704,지도교수세미나Ⅳ-Ⅱ,한상현
음악관,="0208",704,지도교수세미나Ⅲ-Ⅱ,한상현
음악관,="0208",709,지도교수세미나Ⅲ-Ⅱ,김현지
음악관,="0208",709,지도교수세미나Ⅳ-Ⅱ,김현지
음악관,="0208",709,전공탐색과진로설계Ⅱ-Ⅱ,김현지
음악관,="0208",712,전공탐색과진로설계Ⅱ-Ⅱ,김철민
음악관,="0208",712,지도교수세미나Ⅲ-Ⅱ,김철민
음악관,="0208",712,지도교수세미나Ⅳ-Ⅱ,김철민
음악관,="0208",713,지도교수세미나Ⅳ-Ⅱ,정석찬
음악관,="0208",713,지도교수세미나Ⅲ-Ⅱ,정석찬
음악관,="0208",713,전공탐색과진로설계Ⅱ-Ⅱ,정석찬
음악관,="0208",714,전공탐색과진로설계Ⅱ-Ⅱ,조재균
음악관,="0208",714,지도교수세미나Ⅲ-Ⅱ,조재균
음악관,="0208",714,지도교수세미나Ⅳ-Ⅱ,조재균
음악관,="0208",715,지도교수세미나Ⅳ-Ⅱ,홍한국
음악관,="0208",715,지도교수세미나Ⅲ-Ⅱ,홍한국
음악관,="0208",715,전공탐색과진로설계Ⅱ-Ⅱ,홍한국
음악관,="0208",716,전공탐색과진로설계Ⅱ-Ⅱ,강병영
음악관,="0208",716,지도교수세미나Ⅲ-Ⅱ,강병영
음악관,="0208",716,지도교수세미나Ⅳ-Ⅱ,강병영
음악관,="0208",717,지도교수세미나Ⅳ-Ⅱ,박철제
음악관,="0208",717,지도교수세미나Ⅲ-Ⅱ,박철제
음악관,="0208",717,전공탐색과진로설계Ⅱ-Ⅱ,박철제
음악관,="0208",718,전공탐색과진로설계Ⅱ-Ⅱ,김종원
음악관,="0208",718,지도교수세미나Ⅲ-Ⅱ,김종원
음악관,="0208",718,지도교수세미나Ⅳ-Ⅱ,김종원
음악관,="0208",720,지도교수세미나Ⅳ-Ⅱ,이문봉
음악관,="0208",720,지도교수세미나Ⅳ-Ⅱ,이문봉
음악관,="0208",720,지도교수세미나Ⅲ-Ⅱ,이문봉
음악관,="0208",720,지도교수세미나Ⅲ-Ⅱ,이문봉
음악관,="0208",720,전공탐색과진로설계Ⅱ-Ⅱ,이문봉
음악관,="0208",720,전공탐색과진로설계Ⅱ-Ⅱ,이문봉
음악관,="0208",721,전공탐색과진로설계Ⅱ-Ⅱ,박기용
음악관,="0208",721,지도교수세미나Ⅲ-Ⅱ,박기용
음악관,="0208",721,지도교수세미나Ⅳ-Ⅱ,박기용
음악관,="0208",722,지도교수세미나Ⅳ-Ⅱ,이봉구
음악관,="0208",722,지도교수세미나Ⅲ-Ⅱ,이봉구
음악관,="0208",722,전공탐색과진로설계Ⅱ-Ⅱ,이봉구
음악관,="0209",616,논문지도(석),김영훈
음악관,="0209",619,논문지도(석),배금광
음악관,="0209",715,IT와경영전략,홍한국
음악관,="0209",910,리더십연구,박영봉
음악관,="0210",616,논문지도(석),김영훈
음악관,="0210",618,자본시장과회계연구론,신희정
음악관,="0210",619,논문지도(석),배금광
음악관,="0210",709,관광과환경특론,김현지
음악관,="0210",715,IT와경영전략,홍한국
음악관,="0210",716,시스템분석및설계연구,강병영
음악관,="0210",910,리더십연구,박영봉
음악관,="0211",401,논문지도(석),이정원
음악관,="0211",407,신경진단학,김병조
음악관,="0211",804,고급자기공명영상학,임인철
음악관,="0211",901,구강영역의신경생리,이민경
음악관,="0211",909,보건통계학,윤현서
음악관,="0212",407,신경진단학,김병조
음악관,="0212",804,고급자기공명영상학,임인철
음악관,="0212",901,구강영역의신경생리,이민경
음악관,="0212",909,보건통계학,윤현서
음악관,="0213",608,스포츠물리치료학특론,김준석
음악관,="0213",901,구강영역의신경생리,이민경
음악관,="0213",909,보건통계학,윤현서
음악관,="0301",306,인적자원관리,권혁기
음악관,="0301",404,소비자행동분석,강명주
음악관,="0301",407,정보시스템이해,이문봉
음악관,="0301",503-1,인적자원관리,이진기
음악관,="0301",506,전자상거래관리론,이동영
음악관,="0301",707,엑셀활용,황성원
음악관,="0301",804,커피바리스타,류현아
음악관,="0301",901,전시박람회기획실무,여호근
음악관,="0301",904,호스피탈리티인적자원관리론,왕새롬
음악관,="0301",909,관광기업인사관리,김현지
음악관,="0302",B101,교육무용,김희은
음악관,="0303",B101,교육무용,김희은
음악관,="0304",107,배구,박철홍
음악관,="0305",107,배구,박철홍
음악관,="0305",B103,요가&필라테스,손경선
음악관,="0306",102,코너스톤디자인,이동렬
음악관,="0306",102,코너스톤디자인,이동렬
음악관,="0307",306,글로벌시대의경영학산책,권혁기
음악관,="0307",401,투자론,김성태
음악관,="0307",404,글로벌물류산업론(산학연계학),조삼현
음악관,="0307",406,문화와예술로이해하는회계,신희정
음악관,="0307",504,유통물류의기초,조상리
음악관,="0307",505,실용한국어,유창민
음악관,="0307",607,빅데이터실습,심성현
음악관,="0307",613,ERP회계특수연구,이정은
음악관,="0307",801,동아리연계융복합캡스톤디자인Ⅰ,김현지
음악관,="0307",803,창업실무조리및실습,조성원
음악관,="0307",901,호텔경영전략론,김미정
음악관,="0307",903,관광마케팅,이봉구
음악관,="0307",904,컨벤션정책세미나,노창현
음악관,="0307",907,외식산업생산운영관리연구,조용범
음악관,="0307",908,구매및원가관리,이성포
음악관,="0307",910,한국어말하기전략,정윤희
음악관,="0308",B101,현대인을위한힐링요가,김희은
음악관,="0309",110,전산응용설계특론Ⅰ,김현수
음악관,="0309",411,스마트IT제조기술특별세미나Ⅳ,옥승호
음악관,="0309",512,전력전자특론,류형민
음악관,="0309",908,인터넷보안특강,권오준
음악관,="0310",110,전산응용설계특론Ⅰ,김현수
음악관,="0310",510,신재생에너지공학,이돈규
음악관,="0311",107,논문지도(박)Ⅱ,장성욱
음악관,="0311",510,신재생에너지공학,이돈규
음악관,="0312",519,산업재해분석,우동필
음악관,="0312",609-1,음악재활기술,이소영
음악관,="0313",724,재활간호특론,이은주
음악관,="0401",B101,필라테스재활및실기,김희은
음악관,="0402",201,코너스톤디자인,김현수
음악관,="0403",415,프로그래밍실습Ⅱ,우영운
음악관,="0403",415,프로그래밍실습Ⅱ,우영운
음악관,="0403",510,작편곡세미나 III,김하영
음악관,="0403",517,스포츠 재활방법론,전미현
음악관,="0403",519,다큐멘터리영화Ⅱ,차민철
음악관,="0403",522,철학의향기와역사이야기,김명우
음악관,="0403",623,고급캡스톤디자인,김치용
음악관,="0403",712,철학의향기와역사이야기,선우성혜
음악관,="0403",714,아시아영화분석,김병철
음악관,="0403",717,고급캡스톤디자인,이정훈
음악관,="0403",720,디지털영상편집Ⅰ,박성대
음악관,="0403",801,일반물리학실험Ⅱ,이수연
음악관,="0403",811,인공지능심화,이정훈
음악관,="0404",107,체력육성,박철홍
음악관,="0404",B101,필라테스재활및실기,김희은
음악관,="0405",107,체력육성,박철홍
음악관,="0405",B101,논문지도(석),김희은
음악관,="0406",107,체력육성,박철홍
음악관,="0406",B101,논문지도(석),김희은
음악관,="0407",410,프로그래밍및실습Ⅱ-A,윤갑수
음악관,="0407",517,가족 놀이치료,전애영
음악관,="0407",519,영화·영상콘텐츠창작론,차민철
음악관,="0407",614,논문지도(박)Ⅱ,김치용
음악관,="0407",717,콘텐츠제작프로젝트,손국환
음악관,="0407",719,모션그래픽Ⅰ,이현주
음악관,="0407",720,시각효과제작Ⅱ,이정훈
음악관,="0408",410,프로그래밍및실습Ⅱ-A,윤갑수
음악관,="0408",510,재즈화성법Ⅰ,연관호
음악관,="0408",614,논문지도(박)Ⅱ,김치용
음악관,="0408",720,시각효과제작Ⅱ,이정훈
음악관,="0409",324,AI기반창업마케팅,이현섭
음악관,="0409",510,장 및 파동이론,이돈규
음악관,="0409",911,영상인식시스템,권순각
음악관,="0410",107,논문지도(석),김현수
음악관,="0410",110,논문지도(석),이상민
음악관,="0410",510,장 및 파동이론,이돈규
음악관,="0411",107,논문지도(석),김현수
음악관,="0411",109,CAE응용,장성욱
음악관,="0411",110,논문지도(석),이상민
음악관,="0411",417,모바일로보틱스,옥승호
음악관,="0411",817,빅데이터개론,장시웅
음악관,="0411",914,딥러닝특론,권순각
음악관,="0412",519,안전보건경영시스템,김유창
음악관,="0412",609-1,음악심리재활,이소영
음악관,="0412",620,지능로봇설계 및 응용,윤주상
음악관,="0501",102,CAD/CAM,노광현
음악관,="0502",207,경악전서방제배오론,신순식
음악관,="0503",207,경악전서방제배오론,신순식
음악관,="0504",410,응용수학,이유태
음악관,="0504",519,실험영화와뉴미디어,차민철
음악관,="0504",616,게임제작입문Ⅱ,서진석
음악관,="0504",618,게임네트워크프로그래밍및실습,오세웅
음악관,="0504",620,모바일게임프로그래밍실습,이현섭
음악관,="0504",622,문학과삶(슬로리딩),박지영
음악관,="0504",711,인터랙티브시네마Ⅱ,김대황
음악관,="0504",717,디지털사운드Ⅰ,박홍준
음악관,="0504",717,디지털사운드Ⅰ,박홍준
음악관,="0504",718,3D애니메이션Ⅱ,백주영
음악관,="0504",811,확률및통계,박성훈
음악관,="0505",415,이산수학,이광의
음악관,="0505",522,캡스톤디자인Ⅰ,이현섭
음악관,="0505",614,텍스트와스토리텔링,이철우
음악관,="0505",616,인공지능특론,오세웅
음악관,="0505",618,창업과특허,최정윤
음악관,="0505",711,인터랙티브시네마Ⅱ,김대황
음악관,="0505",714,뉴미디어촬영,정성욱
음악관,="0505",720,디지털사운드Ⅰ,박홍준
음악관,="0505",801,일반물리학실험Ⅱ,이수연
음악관,="0505",811,확률및통계,박성훈
음악관,="0506",415,이산수학,이광의
음악관,="0506",522,캡스톤디자인Ⅰ,이현섭
음악관,="0506",614,텍스트와스토리텔링,이철우
음악관,="0506",616,인공지능특론,오세웅
음악관,="0506",618,창업과특허,최정윤
음악관,="0506",622,게임과문화,최주은
음악관,="0506",714,뉴미디어촬영,정성욱
음악관,="0506",718,3D애니메이션Ⅱ,백주영
음악관,="0506",719,그래픽디자인,이현주
음악관,="0506",720,디지털사운드Ⅰ,박홍준
음악관,="0506",801,일반물리학실험Ⅱ,이수연
음악관,="0506",811,확률및통계,박성훈
음악관,="0507",522,캡스톤디자인Ⅰ,이현섭
음악관,="0507",614,텍스트와스토리텔링,이철우
음악관,="0507",616,인공지능특론,오세웅
음악관,="0507",618,창업과특허,최정윤
음악관,="0507",622,게임과문화,최주은
음악관,="0507",717,콘텐츠기획,전윤형
음악관,="0507",718,3D애니메이션Ⅱ,백주영
음악관,="0507",719,그래픽디자인,이현주
음악관,="0507",801,일반물리학실험Ⅱ,이수연
음악관,="0507",811,인공지능프로그래밍,이정훈
음악관,="0508",510,논문지도,손명균
음악관,="0508",517,재즈문화사,탁경주
음악관,="0508",622,게임과문화,최주은
음악관,="0508",717,콘텐츠기획,전윤형
음악관,="0508",718,3D애니메이션Ⅱ,백주영
음악관,="0508",719,그래픽디자인,이현주
음악관,="0508",801,일반물리학실험Ⅱ,이수연
음악관,="0509",110,연속체역학특론,권현식
음악관,="0509",511,캡스톤디자인Ⅱ,한창욱
음악관,="0509",512,캡스톤디자인Ⅱ,이돈규
음악관,="0509",908,인터넷서비스개발론,박유현
음악관,="0510",308,화공열역학,허창순
음악관,="0510",324,논문지도(석),김묘성
음악관,="0510",417,단백질 공학 특론,진수정
음악관,="0510",607,논문지도(석),이혜진
음악관,="0510",611,논문지도(석),서유진
음악관,="0510",622,논문지도(석),이은숙
음악관,="0510",623,논문지도(석),정향미
음악관,="0510",625,논문지도(석),민혜영
음악관,="0511",324,논문지도(석),김묘성
음악관,="0511",417,단백질 공학 특론,진수정
음악관,="0511",607,논문지도(석),이혜진
음악관,="0511",611,논문지도(석),서유진
음악관,="0511",622,논문지도(석),이은숙
음악관,="0511",623,논문지도(석),정향미
음악관,="0511",625,논문지도(석),민혜영
음악관,="0512",111,간호관리학실습(산학연계학),김명자
음악관,="0512",113,간호관리학실습(산학연계학),이갑녀
음악관,="0512",114,간호관리학실습(산학연계학),구지은
음악관,="0512",115,노인건강증진실습,이은주
음악관,="0601",원격,UI/UX프로그래밍,
음악관,="0601",원격,바이오헬스인체의신비,
음악관,="0601",원격,바이오헬스케어빅데이터분석개론,
음악관,="0601",원격,헬스케어소프트웨어프로그래밍개론및실습,
음악관,="0601",원격,XR개론,
음악관,="0602",원격,UI/UX프로그래밍,
음악관,="0602",원격,바이오헬스인체의신비,
음악관,="0602",원격,바이오헬스케어빅데이터분석개론,
음악관,="0602",원격,헬스케어소프트웨어프로그래밍개론및실습,
음악관,="0602",원격,XR개론,
음악관,="0603",원격,UI/UX프로그래밍,
음악관,="0603",원격,바이오헬스케어빅데이터분석개론,
음악관,="0603",원격,헬스케어소프트웨어프로그래밍개론및실습,
음악관,="0603",원격,XR개론,
