정보공학관,="0101",113,철학의향기와역사이야기,박순준
정보공학관,="0101",120,재료역학Ⅱ,정범석
정보공학관,="0101",127,수공학과상하수도실무,류권규
정보공학관,="0101",216,해양시추및플랜트공학,이재용
정보공학관,="0101",229,금형설계,이상현
정보공학관,="0101",327,환경통계학,윤권감
정보공학관,="0101",403,데이터분석세미나,이현경
정보공학관,="0101",406,스마트도시공간정보론,백태경
정보공학관,="0101",414,영어회화,아데
정보공학관,="0101",419,기초수학,강미광
정보공학관,="0101",516,문학과삶(슬로리딩),김수환
정보공학관,="0101",518,문학과삶(슬로리딩),김도희
정보공학관,="0101",519,전기전자회로및실습,김완우
정보공학관,="0101",520,창의캡스톤디자인,이원재
정보공학관,="0101",602-3,건설기초설계,나춘선
정보공학관,="0101",614,건축환경,박경순
정보공학관,="0101",616,비용관리,이상범
정보공학관,="0101",717,논문지도(석),이권형
정보공학관,="0101",723,건축과사회,이태문
정보공학관,="0102",104,주방이론및메뉴관리론,김권동
정보공학관,="0102",203,2D컴퓨터디자인,이광득
정보공학관,="0102",204,디지털제도ⅡCAD,김미선
정보공학관,="0102",224,패션창업,최무석
정보공학관,="0102",302,시각디자인기초Ⅱ,심미영
정보공학관,="0102",310,서양화실기Ⅱ,김성철
정보공학관,="0102",315,전시기획,강태훈
정보공학관,="0102",328,아동권리와복지,홍성희
정보공학관,="0102",401,텍스타일디자인Ⅱ,이성원
정보공학관,="0102",501,논리적사유와글쓰기,김용하
정보공학관,="0102",503,교육사회,강보은
정보공학관,="0102",507,기본영어,이미향
정보공학관,="0102",712,디지털패턴및실습,김인화
정보공학관,="0103",104,주방이론및메뉴관리론,김권동
정보공학관,="0103",116,금속디자인Ⅱ,천은정
정보공학관,="0103",203,2D컴퓨터디자인,이광득
정보공학관,="0103",204,디지털제도ⅡCAD,김미선
정보공학관,="0103",220,디자인인간공학,김종엽
정보공학관,="0103",223,3D컴퓨터디자인Ⅳ,김민우
정보공학관,="0103",302,시각디자인기초Ⅱ,심미영
정보공학관,="0103",310,서양화실기Ⅱ,김성철
정보공학관,="0103",315,전시기획,강태훈
정보공학관,="0103",319,아이덴티티디자인Ⅱ,오용균
정보공학관,="0103",328,아동권리와복지,홍성희
정보공학관,="0103",401,텍스타일디자인Ⅱ,이성원
정보공학관,="0103",416,기초한국화Ⅱ,김형률
정보공학관,="0103",421,편집디자인Ⅱ,박찬흠
정보공학관,="0103",501,영어회화,리크레이그존
정보공학관,="0103",502,논리적사유와글쓰기,윤혜경
정보공학관,="0103",504,영어회화,데이비드스크래그즈
정보공학관,="0103",505,기본영어,권성진
정보공학관,="0103",508,생화학Ⅰ,윤군애
정보공학관,="0103",712,디지털패턴및실습,김인화
정보공학관,="0104",103,온라인협업,황지영
정보공학관,="0104",116,금속디자인Ⅱ,천은정
정보공학관,="0104",203,2D컴퓨터디자인,이광득
정보공학관,="0104",204,디지털제도ⅡCAD,김미선
정보공학관,="0104",220,디자인인간공학,김종엽
정보공학관,="0104",223,3D컴퓨터디자인Ⅳ,김민우
정보공학관,="0104",225,의복구성,김인화
정보공학관,="0104",302,시각디자인기초Ⅱ,심미영
정보공학관,="0104",310,서양화실기Ⅱ,김성철
정보공학관,="0104",315,전시기획,강태훈
정보공학관,="0104",319,아이덴티티디자인Ⅱ,오용균
정보공학관,="0104",401,텍스타일디자인Ⅱ,이성원
정보공학관,="0104",416,기초한국화Ⅱ,김형률
정보공학관,="0104",421,편집디자인Ⅱ,박찬흠
정보공학관,="0104",508,생화학Ⅰ,윤군애
정보공학관,="0104",813,패션디자인기초및실습,최무석
정보공학관,="0105",103,소통과협력,오용섭
정보공학관,="0105",115,환경조각,강태훈
정보공학관,="0105",116,금속디자인Ⅱ,천은정
정보공학관,="0105",202,리빙크라프트디자인Ⅳ,이성원
정보공학관,="0105",217,기본영어,이혜진
정보공학관,="0105",220,3D컴퓨터디자인Ⅱ,이원희
정보공학관,="0105",223,3D컴퓨터디자인Ⅳ,김민우
정보공학관,="0105",225,의복구성,김인화
정보공학관,="0105",311,혼합매체실습Ⅱ,송협주
정보공학관,="0105",319,비쥬얼커뮤니케이션디자인Ⅱ,양재범
정보공학관,="0105",330,아동관찰및행동연구,손은주
정보공학관,="0105",421,편집디자인Ⅱ,박찬흠
정보공학관,="0105",501,기본영어,김은지
정보공학관,="0105",502,조리원리Ⅱ,현숙경
정보공학관,="0105",505,정신건강,홍성희
정보공학관,="0105",507,기본영어,권성진
정보공학관,="0105",508,식품학,임화재
정보공학관,="0105",712,패션마케팅,정현주
정보공학관,="0105",813,패션디자인기초및실습,최무석
정보공학관,="0106",103,소통과협력,오용섭
정보공학관,="0106",104,스마트식음료서비스이론및실무,이상호
정보공학관,="0106",115,환경조각,강태훈
정보공학관,="0106",116,금속디자인Ⅱ,천은정
정보공학관,="0106",202,리빙크라프트디자인Ⅳ,이성원
정보공학관,="0106",217,기본영어,이혜진
정보공학관,="0106",220,3D컴퓨터디자인Ⅱ,이원희
정보공학관,="0106",223,3D컴퓨터디자인Ⅳ,김민우
정보공학관,="0106",225,의복구성,김인화
정보공학관,="0106",311,혼합매체실습Ⅱ,송협주
정보공학관,="0106",316,한국화실기Ⅱ,김형률
정보공학관,="0106",319,비쥬얼커뮤니케이션디자인Ⅱ,양재범
정보공학관,="0106",330,아동관찰및행동연구,손은주
정보공학관,="0106",421,편집디자인Ⅱ,박찬흠
정보공학관,="0106",501,기본영어,김은지
정보공학관,="0106",502,조리원리Ⅱ,현숙경
정보공학관,="0106",505,정신건강,홍성희
정보공학관,="0106",507,기본영어,권성진
정보공학관,="0106",508,식품학,임화재
정보공학관,="0106",712,패션마케팅,정현주
정보공학관,="0107",103,자료구조,우영운
정보공학관,="0107",104,스마트식음료서비스이론및실무,이상호
정보공학관,="0107",115,환경조각,강태훈
정보공학관,="0107",202,리빙크라프트디자인Ⅳ,이성원
정보공학관,="0107",204,산학과제프로젝트(3D프린터)Ⅱ,김미선
정보공학관,="0107",217,디자인의의미와원리,강재철
정보공학관,="0107",220,3D컴퓨터디자인Ⅱ,이원희
정보공학관,="0107",311,혼합매체실습Ⅱ,송협주
정보공학관,="0107",316,한국화실기Ⅱ,김형률
정보공학관,="0107",318,시각조형론Ⅱ,양재범
정보공학관,="0107",501,생활속의수리,강미광
정보공학관,="0107",502,부산지역근현대사의이해,이준영
정보공학관,="0107",503,교직실무,강보은
정보공학관,="0107",513,결혼의성공과실패,윤경자
정보공학관,="0108",103,자료구조,우영운
정보공학관,="0108",104,스마트식음료서비스이론및실무,이상호
정보공학관,="0108",115,환경조각,강태훈
정보공학관,="0108",202,리빙크라프트디자인Ⅳ,이성원
정보공학관,="0108",204,산학과제프로젝트(3D프린터)Ⅱ,김미선
정보공학관,="0108",217,디자인의의미와원리,강재철
정보공학관,="0108",316,한국화실기Ⅱ,김형률
정보공학관,="0108",318,시각조형론Ⅱ,양재범
정보공학관,="0108",501,생활속의수리,강미광
정보공학관,="0108",502,부산지역근현대사의이해,이준영
정보공학관,="0108",503,교직실무,강보은
정보공학관,="0108",513,결혼의성공과실패,윤경자
정보공학관,="0109",112,창의캡스톤디자인,민병현
정보공학관,="0109",113,창의캡스톤디자인,손영석
정보공학관,="0109",115-B,접합공학특론,이상필
정보공학관,="0109",119,창의캡스톤디자인,이두호
정보공학관,="0109",121,구조진동론Ⅰ,이석민
정보공학관,="0109",221,구조역학특론,황주영
정보공학관,="0109",403,도시정책론,윤상복
정보공학관,="0109",413,전공탐색과생애설계Ⅰ-Ⅱ,심성현
정보공학관,="0109",520,표면공학특론,정찬영
정보공학관,="0110",104,관광이벤트기획론,노창현
정보공학관,="0110",507,인체영양생리학,박철
정보공학관,="0110",513,임상영양연구,현숙경
정보공학관,="0111",104,관광이벤트기획론,노창현
정보공학관,="0111",504,기업프로젝트Ⅱ,이현섭
정보공학관,="0111",505,영유아수업과교수실제세미나,손은주
정보공학관,="0111",507,인체영양생리학,박철
정보공학관,="0111",513,임상영양연구,현숙경
정보공학관,="0112",104,관광이벤트기획론,노창현
정보공학관,="0112",504,기업프로젝트Ⅱ,이현섭
정보공학관,="0112",505,영유아수업과교수실제세미나,손은주
정보공학관,="0112",507,인체영양생리학,박철
정보공학관,="0113",504,기업프로젝트Ⅱ,이현섭
정보공학관,="0113",505,영유아수업과교수실제세미나,손은주
정보공학관,="0114",407-1,의안병리분석,박신형
정보공학관,="0201",212,태권도지도자론,김수정
정보공학관,="0201",214,병태생리학,윤병곤
정보공학관,="0201",313,스포츠역학및실습,박재영
정보공학관,="0201",314,마리나운영관리및실습,이재빈
정보공학관,="0201",415,규제경제사례연습,임동순
정보공학관,="0201",512,재무부동산과통계,이범웅
정보공학관,="0201",613,마케팅관리론연구,용가흥
정보공학관,="0202",211,여가교육및실습,이한우
정보공학관,="0202",212,태권도지도자론,김수정
정보공학관,="0202",213,골프역학및실기,박문수
정보공학관,="0202",213,골프역학및실기,박문수
정보공학관,="0202",214,병태생리학,윤병곤
정보공학관,="0202",215,건강체력평가및실기,유병인
정보공학관,="0202",311,여가교육및실습,김찬룡
정보공학관,="0202",312,기본영어,김은지
정보공학관,="0202",313,스포츠역학및실습,박재영
정보공학관,="0202",314,태권도경기분석,권성만
정보공학관,="0202",315,스포츠산업현장실습(산학연계학),이재빈
정보공학관,="0202",415,규제경제사례연습,임동순
정보공학관,="0202",512,재무부동산과통계,이범웅
정보공학관,="0202",513,기본영어,이혜진
정보공학관,="0202",514,금융보험이슈분석및실무,박광수
정보공학관,="0202",613,마케팅관리론연구,용가흥
정보공학관,="0203",103,미래형자동차구조,강민수
정보공학관,="0203",104,기업연계프로젝트Ⅱ,김권동
정보공학관,="0203",115,조형기법Ⅳ,강태훈
정보공학관,="0203",116,금속디자인Ⅳ,천은정
정보공학관,="0203",203,라이노CADⅡ,김미선
정보공학관,="0203",220,디자인스케치Ⅱ(Advance),김민우
정보공학관,="0203",225,어패럴패턴테크닉,김인화
정보공학관,="0203",315,서양미술사Ⅱ,박경애
정보공학관,="0203",318,웹인터랙티브디자인Ⅱ,심미영
정보공학관,="0203",319,비쥬얼커뮤니케이션디자인Ⅱ,양재범
정보공학관,="0203",328-1,가계재무설계,강혜경
정보공학관,="0203",406,서양화연구Ⅱ,김성철
정보공학관,="0203",423,논문지도(박)Ⅱ,오용균
정보공학관,="0203",501,논리적사유와글쓰기,김용하
정보공학관,="0203",502,논리적사유와글쓰기,최중호
정보공학관,="0203",504,기본영어,제선미
정보공학관,="0203",507,공중보건학(캡스톤디자인),이지연
정보공학관,="0203",508,식품학,임화재
정보공학관,="0203",513,가족학,윤경자
정보공학관,="0203",812,VMD(캡스톤디자인),정현주
정보공학관,="0204",103,미래형자동차구조,강민수
정보공학관,="0204",116,금속디자인Ⅳ,천은정
정보공학관,="0204",201,리빙크라프트디자인Ⅱ(캡스톤디자인),이성원
정보공학관,="0204",217,논리적사유와글쓰기,김용하
정보공학관,="0204",220,디자인스케치Ⅱ(Advance),김민우
정보공학관,="0204",223,인테리어디자인Ⅱ,김경미
정보공학관,="0204",315,서양미술사Ⅱ,박경애
정보공학관,="0204",406,서양화연구Ⅱ,김성철
정보공학관,="0204",421,브랜드패키지디자인Ⅱ,오용균
정보공학관,="0204",508,영양과환경,황혜진
정보공학관,="0204",513,가족학,윤경자
정보공학관,="0205",104,호스피탈리티고객만족경영론,이상호
정보공학관,="0205",106,호텔조식메뉴실습,김권동
정보공학관,="0205",116,금속디자인Ⅳ,천은정
정보공학관,="0205",201,리빙크라프트디자인Ⅱ(캡스톤디자인),이성원
정보공학관,="0205",203,3D프린터기초,김미선
정보공학관,="0205",217,기본영어,이혜진
정보공학관,="0205",220,디자인스케치Ⅱ(Advance),김민우
정보공학관,="0205",223,인테리어디자인Ⅱ,김경미
정보공학관,="0205",224,전공탐색과생애설계Ⅰ-Ⅱ,정현주
정보공학관,="0205",315,광고사진과이미지,양재범
정보공학관,="0205",330,아동관찰및행동연구,손은주
정보공학관,="0205",406,서양화연구Ⅱ,김성철
정보공학관,="0205",416,한국화실기Ⅳ,김형률
정보공학관,="0205",421,브랜드패키지디자인Ⅱ,오용균
정보공학관,="0205",423,제품·환경디자인Ⅰ,강재철
정보공학관,="0205",501,기본영어,김은지
정보공학관,="0205",507,기본영어,권성진
정보공학관,="0205",508,영양과환경,황혜진
정보공학관,="0205",513,실험조리및관능평가,장혜림
정보공학관,="0205",813,창작의상(캡스톤디자인),김혜은
정보공학관,="0206",208,전공기초실기Ⅱ,천지언
정보공학관,="0206",213,스포츠와건강,이재빈
정보공학관,="0206",214,운동심리상담(캡스톤디자인),신정택
정보공학관,="0206",215,수상구조및응급처치,박문수
정보공학관,="0206",312,무역학원론,한기조
정보공학관,="0206",313,스포츠블루오션전략을통한스포노믹스,김종백
정보공학관,="0206",315,운동과웰니스,이한우
정보공학관,="0206",411,21세기금융경제론,김태완
정보공학관,="0206",412,태권도와문화,김종동
정보공학관,="0206",413,다문화의이해,다께이찌
정보공학관,="0206",414,무역보험론,신학승
정보공학관,="0206",514,제3보험론,강중철
정보공학관,="0206",515,부동산마케팅론,김민아
정보공학관,="0206",612,교과교재연구및지도법(관광),이철우
정보공학관,="0206",613,스타트업을위한창의적사고,이은정
정보공학관,="0207",103,온라인협업,황지영
정보공학관,="0207",104,호스피탈리티고객만족경영론,이상호
정보공학관,="0207",201,리빙크라프트디자인Ⅱ(캡스톤디자인),이성원
정보공학관,="0207",203,3D프린터기초,김미선
정보공학관,="0207",217,현대미술산책,박경애
정보공학관,="0207",223,인테리어디자인Ⅱ,김경미
정보공학관,="0207",309,미술과비평(산학연계학),임영매
정보공학관,="0207",318,광고사진과이미지,양재범
정보공학관,="0207",416,한국화실기Ⅳ,김형률
정보공학관,="0207",421,브랜드패키지디자인Ⅱ,오용균
정보공학관,="0207",423,제품·환경디자인Ⅰ,강재철
정보공학관,="0207",508,급식경영학,임화재
정보공학관,="0207",813,창작의상(캡스톤디자인),김혜은
정보공학관,="0208",208,전공기초실기Ⅱ,천지언
정보공학관,="0208",211,지도교수세미나Ⅳ-Ⅱ,김수정
정보공학관,="0208",211,전공탐색과진로설계Ⅱ-Ⅱ,김수정
정보공학관,="0208",211,지도교수세미나Ⅲ-Ⅱ,김수정
정보공학관,="0208",212,지도교수세미나Ⅲ-Ⅱ,이한우
정보공학관,="0208",212,전공탐색과진로설계Ⅱ-Ⅱ,이한우
정보공학관,="0208",212,지도교수세미나Ⅳ-Ⅱ,이한우
정보공학관,="0208",213,지도교수세미나Ⅳ-Ⅱ,윤병곤
정보공학관,="0208",213,전공탐색과진로설계Ⅱ-Ⅱ,윤병곤
정보공학관,="0208",213,지도교수세미나Ⅲ-Ⅱ,윤병곤
정보공학관,="0208",214,지도교수세미나Ⅳ-Ⅱ,유병인
정보공학관,="0208",214,지도교수세미나Ⅲ-Ⅱ,유병인
정보공학관,="0208",214,전공탐색과진로설계Ⅱ-Ⅱ,유병인
정보공학관,="0208",215,전공탐색과진로설계Ⅱ-Ⅱ,신정택
정보공학관,="0208",215,지도교수세미나Ⅲ-Ⅱ,신정택
정보공학관,="0208",215,지도교수세미나Ⅳ-Ⅱ,신정택
정보공학관,="0208",302,지도교수세미나Ⅳ-Ⅱ,이홍배
정보공학관,="0208",302,지도교수세미나Ⅲ-Ⅱ,이홍배
정보공학관,="0208",302,전공탐색과진로설계Ⅱ-Ⅱ,이홍배
정보공학관,="0208",304,전공탐색과진로설계Ⅱ-Ⅱ,박문수
정보공학관,="0208",304,지도교수세미나Ⅲ-Ⅱ,박문수
정보공학관,="0208",304,지도교수세미나Ⅳ-Ⅱ,박문수
정보공학관,="0208",311,지도교수세미나Ⅳ-Ⅱ,박찬호
정보공학관,="0208",311,지도교수세미나Ⅲ-Ⅱ,박찬호
정보공학관,="0208",311,전공탐색과진로설계Ⅱ-Ⅱ,박찬호
정보공학관,="0208",313,전공탐색과진로설계Ⅱ-Ⅱ,김종백
정보공학관,="0208",313,지도교수세미나Ⅲ-Ⅱ,김종백
정보공학관,="0208",313,지도교수세미나Ⅳ-Ⅱ,김종백
정보공학관,="0208",314,지도교수세미나Ⅳ-Ⅱ,김찬룡
정보공학관,="0208",314,지도교수세미나Ⅲ-Ⅱ,김찬룡
정보공학관,="0208",314,전공탐색과진로설계Ⅱ-Ⅱ,김찬룡
정보공학관,="0208",315,전공탐색과진로설계Ⅱ-Ⅱ,곽이섭
정보공학관,="0208",315,지도교수세미나Ⅲ-Ⅱ,곽이섭
정보공학관,="0208",315,지도교수세미나Ⅳ-Ⅱ,곽이섭
정보공학관,="0208",403,지도교수세미나Ⅲ-Ⅱ,최봉호
정보공학관,="0208",403,전공탐색과진로설계Ⅱ-Ⅱ,최봉호
정보공학관,="0208",403,지도교수세미나Ⅳ-Ⅱ,최봉호
정보공학관,="0208",404,지도교수세미나Ⅳ-Ⅱ,김영근
정보공학관,="0208",404,전공탐색과진로설계Ⅱ-Ⅱ,김영근
정보공학관,="0208",404,지도교수세미나Ⅲ-Ⅱ,김영근
정보공학관,="0208",409,지도교수세미나Ⅲ-Ⅱ,배근호
정보공학관,="0208",409,전공탐색과진로설계Ⅱ-Ⅱ,배근호
정보공학관,="0208",409,지도교수세미나Ⅳ-Ⅱ,배근호
정보공학관,="0208",506,지도교수세미나Ⅳ-Ⅱ,신학승
정보공학관,="0208",506,전공탐색과진로설계Ⅱ-Ⅱ,신학승
정보공학관,="0208",506,지도교수세미나Ⅲ-Ⅱ,신학승
정보공학관,="0208",510,지도교수세미나Ⅲ-Ⅱ,강중철
정보공학관,="0208",510,전공탐색과진로설계Ⅱ-Ⅱ,강중철
정보공학관,="0208",510,지도교수세미나Ⅳ-Ⅱ,강중철
정보공학관,="0208",511,지도교수세미나Ⅲ-Ⅱ,이범웅
정보공학관,="0208",511,지도교수세미나Ⅳ-Ⅱ,이범웅
정보공학관,="0208",512,지도교수세미나Ⅳ-Ⅱ,최승두
정보공학관,="0208",512,지도교수세미나Ⅲ-Ⅱ,최승두
정보공학관,="0208",514,지도교수세미나Ⅲ-Ⅱ,박태진
정보공학관,="0208",514,지도교수세미나Ⅳ-Ⅱ,박태진
정보공학관,="0208",515,지도교수세미나Ⅲ-Ⅱ,강정규
정보공학관,="0208",515,지도교수세미나Ⅳ-Ⅱ,강정규
정보공학관,="0208",603,지도교수세미나Ⅲ-Ⅱ,김태완
정보공학관,="0208",603,전공탐색과진로설계Ⅱ-Ⅱ,김태완
정보공학관,="0208",604,전공탐색과진로설계Ⅱ-Ⅱ,한기조
정보공학관,="0208",604,지도교수세미나Ⅲ-Ⅱ,한기조
정보공학관,="0208",604,지도교수세미나Ⅳ-Ⅱ,한기조
정보공학관,="0208",606,지도교수세미나Ⅳ-Ⅱ,임동순
정보공학관,="0208",606,지도교수세미나Ⅲ-Ⅱ,임동순
정보공학관,="0208",606,전공탐색과진로설계Ⅱ-Ⅱ,임동순
정보공학관,="0208",613,지도교수세미나Ⅲ-Ⅱ,김희은
정보공학관,="0208",613,전공탐색과진로설계Ⅱ-Ⅱ,김희은
정보공학관,="0208",613,지도교수세미나Ⅳ-Ⅱ,김희은
정보공학관,="0209",104,호스피탈리티관리회계,김양기
정보공학관,="0209",322,지도교수세미나Ⅲ-Ⅱ,이성원
정보공학관,="0209",322,지도교수세미나Ⅳ-Ⅱ,이성원
정보공학관,="0209",323,지도교수세미나Ⅳ-Ⅱ,김민우
정보공학관,="0209",323,지도교수세미나Ⅲ-Ⅱ,김민우
정보공학관,="0209",324,지도교수세미나Ⅲ-Ⅱ,강재철
정보공학관,="0209",324,지도교수세미나Ⅳ-Ⅱ,강재철
정보공학관,="0209",325,지도교수세미나Ⅳ-Ⅱ,양재범
정보공학관,="0209",325,지도교수세미나Ⅲ-Ⅱ,양재범
정보공학관,="0209",326,지도교수세미나Ⅲ-Ⅱ,오용균
정보공학관,="0209",326,지도교수세미나Ⅳ-Ⅱ,오용균
정보공학관,="0209",607,지도교수세미나Ⅳ-Ⅱ,김형률
정보공학관,="0209",607,지도교수세미나Ⅲ-Ⅱ,김형률
정보공학관,="0209",803,지도교수세미나Ⅲ-Ⅱ,김인화
정보공학관,="0209",803,지도교수세미나Ⅲ-Ⅱ,김인화
정보공학관,="0209",803,지도교수세미나Ⅳ-Ⅱ,김인화
정보공학관,="0209",803,지도교수세미나Ⅳ-Ⅱ,김인화
정보공학관,="0209",804,지도교수세미나Ⅲ-Ⅱ,함연자
정보공학관,="0209",804,지도교수세미나Ⅲ-Ⅱ,함연자
정보공학관,="0209",804,지도교수세미나Ⅳ-Ⅱ,함연자
정보공학관,="0209",804,지도교수세미나Ⅳ-Ⅱ,함연자
정보공학관,="0209",805,지도교수세미나Ⅲ-Ⅱ,김혜은
정보공학관,="0209",805,지도교수세미나Ⅲ-Ⅱ,김혜은
정보공학관,="0209",805,지도교수세미나Ⅳ-Ⅱ,김혜은
정보공학관,="0209",810,지도교수세미나Ⅳ-Ⅱ,정현주
정보공학관,="0209",810,지도교수세미나Ⅲ-Ⅱ,정현주
정보공학관,="0210",104,호스피탈리티관리회계,김양기
정보공학관,="0210",507,식품학세미나,현숙경
정보공학관,="0211",115-B,응용수학특론 I,손영석
정보공학관,="0211",418-A,논문지도(박)Ⅰ,정병길
정보공학관,="0211",421,환경정책특론,김정권
정보공학관,="0212",115-B,응용수학특론 I,손영석
정보공학관,="0212",421,환경정책특론,김정권
정보공학관,="0213",115-B,고체역학특론,이상필
정보공학관,="0214",407-1,의안병리분석,박신형
정보공학관,="0301",103,자동차부품설계,강민수
정보공학관,="0301",104,디지털논리회로,허경용
정보공학관,="0301",328,보육과정,홍성희
정보공학관,="0301",330,놀이지도(산학연계학),강인자
정보공학관,="0301",405,조형기법Ⅱ,강태훈
정보공학관,="0301",421,영상컨텐츠디자인Ⅱ,오지은
정보공학관,="0301",503,교육철학및교육사,천정미
정보공학관,="0302",103,자동차부품설계,강민수
정보공학관,="0302",104,디지털논리회로,허경용
정보공학관,="0302",217,전공탐색과생애설계Ⅰ-Ⅱ,양재범
정보공학관,="0302",305,기초유화Ⅱ,김성철
정보공학관,="0302",330,놀이지도(산학연계학),강인자
정보공학관,="0302",405,조형기법Ⅱ,강태훈
정보공학관,="0302",421,영상컨텐츠디자인Ⅱ,오지은
정보공학관,="0302",501,논리적사유와글쓰기,김용하
정보공학관,="0302",502,논리적사유와글쓰기,최중호
정보공학관,="0302",503,교육철학및교육사,천정미
정보공학관,="0302",504,기본영어,제선미
정보공학관,="0302",507,유기화학입문,윤군애
정보공학관,="0303",103,자동차부품설계,강민수
정보공학관,="0303",104,디지털논리회로,허경용
정보공학관,="0303",116,기초금속디자인Ⅱ,천은정
정보공학관,="0303",203,디지털디자인Ⅱ,이원희
정보공학관,="0303",220,디자인프로세스및방법론,김종엽
정보공학관,="0303",222,신발디자인Ⅳ,김민우
정보공학관,="0303",224,패션디자인발상,함연자
정보공학관,="0303",305,기초유화Ⅱ,김성철
정보공학관,="0303",318,시각정보디자인Ⅱ,오용균
정보공학관,="0303",328-1,소비자상담,강혜경
정보공학관,="0303",330,놀이지도(산학연계학),강인자
정보공학관,="0303",403,발상과표현Ⅱ,이성원
정보공학관,="0303",405,조형기법Ⅱ,강태훈
정보공학관,="0303",421,영상컨텐츠디자인Ⅱ,오지은
정보공학관,="0303",423,공예디자인Ⅰ,노승욱
정보공학관,="0303",501,논리적사유와글쓰기,김용하
정보공학관,="0303",502,논리적사유와글쓰기,최중호
정보공학관,="0303",504,기본영어,제선미
정보공학관,="0303",505,정신건강,홍성희
정보공학관,="0303",507,유기화학입문,윤군애
정보공학관,="0303",508,급식경영학,임화재
정보공학관,="0303",513,조리원리Ⅱ,현숙경
정보공학관,="0303",707,논문지도(석),이지연
정보공학관,="0303",712,디지털패션디자인,김혜은
정보공학관,="0303",812,글로벌패션마케팅,정현주
정보공학관,="0304",212,태권도장스타트업,김수용
정보공학관,="0304",214,레저스포츠심리학,신정택
정보공학관,="0304",312,무역통상환경세미나,이홍배
정보공학관,="0304",314,생활건강교육및실기,곽이섭
정보공학관,="0304",413,금융위험관리,김지원
정보공학관,="0304",414,국제무역론,최봉호
정보공학관,="0304",415,특수시장분석론,임동순
정보공학관,="0304",511,거시경제학,김태완
정보공학관,="0304",513,금융자산의이해와관리,박광수
정보공학관,="0304",514,지역금융과실무,배근호
정보공학관,="0304",515,제3보험론,강중철
정보공학관,="0305",212,태권도해외파견교육,김수정
정보공학관,="0305",214,스포츠심리학,신정택
정보공학관,="0305",215,기본영어,이미향
정보공학관,="0305",312,국제경영학,김영근
정보공학관,="0305",313,스포츠역학및실습,박재영
정보공학관,="0305",315,전공탐색과생애설계Ⅰ-Ⅱ,이재빈
정보공학관,="0305",412,기본영어,곽응경
정보공학관,="0305",415,기초경제영어,김동운
정보공학관,="0305",513,보험계약법,정중영
정보공학관,="0305",613,논리적사유와글쓰기,천정미
정보공학관,="0306",103,실무프로젝트Ⅱ,윤갑수
정보공학관,="0306",104,소통과협력,최수정
정보공학관,="0306",202,공예산업디자인실무(창업),노승욱
정보공학관,="0306",220,퍼니쳐디자인Ⅱ,심주영
정보공학관,="0306",222,신발디자인Ⅳ,김민우
정보공학관,="0306",223,산학프로젝트Ⅱ,강재철
정보공학관,="0306",302,시각적사고와표현Ⅱ,김효은
정보공학관,="0306",309,미술개론,이덕진
정보공학관,="0306",316,테라코타,김성철
정보공학관,="0306",318,시각정보디자인Ⅱ,오용균
정보공학관,="0306",319,에디토리얼디자인Ⅱ,김광민
정보공학관,="0306",328-1,가계재무설계,강혜경
정보공학관,="0306",406,혼합매체연구Ⅱ,김형률
정보공학관,="0306",421,광고기획과디자인Ⅱ(캡스톤디자인),양재범
정보공학관,="0306",501,논리적사유와글쓰기,윤혜경
정보공학관,="0306",508,영양교육및상담실습,임화재
정보공학관,="0307",103,실무프로젝트Ⅱ,윤갑수
정보공학관,="0307",104,소통과협력,최수정
정보공학관,="0307",202,공예산업디자인실무(창업),노승욱
정보공학관,="0307",220,퍼니쳐디자인Ⅱ,심주영
정보공학관,="0307",223,산학프로젝트Ⅱ,강재철
정보공학관,="0307",316,테라코타,김성철
정보공학관,="0307",319,에디토리얼디자인Ⅱ,김광민
정보공학관,="0307",406,혼합매체연구Ⅱ,김형률
정보공학관,="0307",421,광고기획과디자인Ⅱ(캡스톤디자인),양재범
정보공학관,="0307",423,논문지도(박)Ⅰ,이성원
정보공학관,="0307",502,철학의향기와역사이야기,이은정
정보공학관,="0307",504,호스피탈리티중국어,이유주
정보공학관,="0307",505,기본영어,권성진
정보공학관,="0307",513,글로벌시장과소비자,강혜경
정보공학관,="0307",813,복식문화사,최무석
정보공학관,="0308",103,실무프로젝트Ⅱ,윤갑수
정보공학관,="0308",104,소통과협력,최수정
정보공학관,="0308",202,공예산업디자인실무(창업),노승욱
정보공학관,="0308",220,퍼니쳐디자인Ⅱ,심주영
정보공학관,="0308",319,에디토리얼디자인Ⅱ,김광민
정보공학관,="0308",406,혼합매체연구Ⅱ,김형률
정보공학관,="0308",423,논문지도(박)Ⅰ,이성원
정보공학관,="0308",504,호스피탈리티중국어,이유주
정보공학관,="0308",513,글로벌시장과소비자,강혜경
정보공학관,="0308",813,복식문화사,최무석
정보공학관,="0309",422,공예재료학,정진규
정보공학관,="0310",104,중국문화와역사,이유주
정보공학관,="0310",422,공예재료학,정진규
정보공학관,="0311",103,빅데이터처리,이현섭
정보공학관,="0311",104,중국문화와역사,이유주
정보공학관,="0311",422,공예재료학,정진규
정보공학관,="0311",504,객체지향개발론,김민영
정보공학관,="0312",214,사상의학특론,전수형
정보공학관,="0313",214,웰빙영양학특론,이정원
정보공학관,="0314",510,문헌연구 III,최연지
정보공학관,="0315",724,재활간호특론,이은주
정보공학관,="0401",212,피트니스트레이닝,김수정
정보공학관,="0401",213,태권도융합콘텐츠,서정일
정보공학관,="0401",214,체육측정평가,유병인
정보공학관,="0401",313,해양스포츠투어리즘,이재빈
정보공학관,="0401",315,안전교육및응급처치,박재영
정보공학관,="0401",514,금융기관경영론,정순계
정보공학관,="0402",105,와인이론및소믈리에실무,김미정
정보공학관,="0402",106,베이커리이론및실습Ⅱ,서만석
정보공학관,="0402",204,산학과제프로젝트(3D프린터)Ⅱ,김미선
정보공학관,="0402",223,퍼니쳐디자인Ⅳ,심주영
정보공학관,="0402",224,패션디자인발상,함연자
정보공학관,="0402",225,의복구성,김인화
정보공학관,="0402",302,디지털이미지Ⅱ,양재범
정보공학관,="0402",306,형태와구조Ⅱ(입체),김영주
정보공학관,="0402",311,서양화실기Ⅳ,김성철
정보공학관,="0402",318,타이포그라피Ⅱ,김광민
정보공학관,="0402",328,보육과정,홍성희
정보공학관,="0402",403,장신구기초Ⅱ,천은정
정보공학관,="0402",420,소조Ⅱ,강태훈
정보공학관,="0402",422,디자인기획론,송지윤
정보공학관,="0402",501,영어회화,리크레이그존
정보공학관,="0402",502,논리적사유와글쓰기,윤혜경
정보공학관,="0402",503,교육평가,이영학
정보공학관,="0402",504,영어회화,데이비드스크래그즈
정보공학관,="0402",505,기본영어,권성진
정보공학관,="0402",507,유기화학입문,윤군애
정보공학관,="0402",712,디지털패션디자인,김혜은
정보공학관,="0402",813,패션디자인기초및실습,최무석
정보공학관,="0403",105,와인이론및소믈리에실무,김미정
정보공학관,="0403",106,베이커리이론및실습Ⅱ,서만석
정보공학관,="0403",223,퍼니쳐디자인Ⅳ,심주영
정보공학관,="0403",224,패션디자인발상,함연자
정보공학관,="0403",225,의복구성,김인화
정보공학관,="0403",302,디지털이미지Ⅱ,양재범
정보공학관,="0403",306,형태와구조Ⅱ(입체),김영주
정보공학관,="0403",311,서양화실기Ⅳ,김성철
정보공학관,="0403",318,타이포그라피Ⅱ,김광민
정보공학관,="0403",319,아이덴티티디자인Ⅱ,오용균
정보공학관,="0403",330,보육교사론,손은주
정보공학관,="0403",401,공예와컴퓨터Ⅱ,이성원
정보공학관,="0403",403,장신구기초Ⅱ,천은정
정보공학관,="0403",420,소조Ⅱ,강태훈
정보공학관,="0403",422,디자인기획론,송지윤
정보공학관,="0403",501,영어회화,리크레이그존
정보공학관,="0403",502,논리적사유와글쓰기,윤혜경
정보공학관,="0403",504,영어회화,데이비드스크래그즈
정보공학관,="0403",505,기본영어,권성진
정보공학관,="0403",507,영양과환경,황혜진
정보공학관,="0403",508,고급영양학,윤군애
정보공학관,="0403",513,전공탐색과생애설계Ⅰ-Ⅱ,장혜림
정보공학관,="0403",712,디지털패션디자인,김혜은
정보공학관,="0403",813,패션디자인기초및실습,최무석
정보공학관,="0404",105,와인이론및소믈리에실무,김미정
정보공학관,="0404",204,디자인컨텐츠기획(창업)Ⅱ,최정윤
정보공학관,="0404",220,인테리어디자인CADⅡ,김선아
정보공학관,="0404",225,의복구성,김인화
정보공학관,="0404",302,디지털이미지Ⅱ,양재범
정보공학관,="0404",306,형태와구조Ⅱ(입체),김영주
정보공학관,="0404",309,한국미술사,유현욱
정보공학관,="0404",311,서양화실기Ⅳ,김성철
정보공학관,="0404",318,일러스트레이션Ⅱ,김효은
정보공학관,="0404",319,아이덴티티디자인Ⅱ,오용균
정보공학관,="0404",401,공예와컴퓨터Ⅱ,이성원
정보공학관,="0404",403,장신구기초Ⅱ,천은정
정보공학관,="0404",422,디자인기획론,송지윤
정보공학관,="0404",434,식품미생물실습,이지연
정보공학관,="0404",501,논리적사유와글쓰기,윤혜경
정보공학관,="0404",508,임상영양학,황혜진
정보공학관,="0404",513,가족학,윤경자
정보공학관,="0404",801,텍스타일디자인및실습,노영주
정보공학관,="0405",104,호스피탈리티인적자원관리,김지민
정보공학관,="0405",204,디자인컨텐츠기획(창업)Ⅱ,최정윤
정보공학관,="0405",220,인테리어디자인CADⅡ,김선아
정보공학관,="0405",222,제품디자인Ⅳ,강재철
정보공학관,="0405",223,제품디자인Ⅱ,김종엽
정보공학관,="0405",224,패션창업,최무석
정보공학관,="0405",309,미술과비평(산학연계학),임영매
정보공학관,="0405",318,일러스트레이션Ⅱ,김효은
정보공학관,="0405",328,영유아교수방법론,홍성희
정보공학관,="0405",401,공예와컴퓨터Ⅱ,이성원
정보공학관,="0405",406,한국화창작실기Ⅱ,김형률
정보공학관,="0405",422,산업디자인Ⅱ,김민우
정보공학관,="0405",434,식품미생물실습,이지연
정보공학관,="0405",505,아동상담,손은주
정보공학관,="0405",508,영양사현장실습(산학연계학),현숙경
정보공학관,="0405",712,패션마케팅,정현주
정보공학관,="0405",801,텍스타일디자인및실습,노영주
정보공학관,="0406",212,체육측정평가(캡스톤디자인),이한우
정보공학관,="0406",213,스포츠과학입문,곽이섭
정보공학관,="0406",215,트레이닝방법론,윤병곤
정보공학관,="0406",302,논문지도(박)Ⅰ,이홍배
정보공학관,="0406",311,스포츠산업이슈분석(캡스톤디자인),김종백
정보공학관,="0406",312,통계적사고,한기조
정보공학관,="0406",408,경제정책론연구,김태완
정보공학관,="0406",411,기업경제론(산학연계학)Ⅱ,윤상근
정보공학관,="0406",412,국제상사중재론,신학승
정보공학관,="0406",413,동아리연계융복합캡스톤디자인Ⅱ,이범웅
정보공학관,="0406",415,경제학입문,김동운
정보공학관,="0406",511,금융보험Ⅱ(산학연계학),정순계
정보공학관,="0406",512,부동산공법론,김태희
정보공학관,="0406",513,경제학입문,박영배
정보공학관,="0406",514,글로벌보험시장의이해,정중영
정보공학관,="0406",606,경제학연구,임동순
정보공학관,="0406",612,스포츠과학입문,이재빈
정보공학관,="0406",613,세무회계Ⅱ,이환성
정보공학관,="0407",212,체육측정평가(캡스톤디자인),이한우
정보공학관,="0407",215,트레이닝방법론,윤병곤
정보공학관,="0407",302,논문지도(박)Ⅰ,이홍배
정보공학관,="0407",311,스포츠산업이슈분석(캡스톤디자인),김종백
정보공학관,="0407",312,통계적사고,한기조
정보공학관,="0407",315,볼링,곽이섭
정보공학관,="0407",408,경제정책론연구,김태완
정보공학관,="0407",411,기업경제론(산학연계학)Ⅱ,윤상근
정보공학관,="0407",412,경영학입문,신학승
정보공학관,="0407",413,동아리연계융복합캡스톤디자인Ⅱ,이범웅
정보공학관,="0407",415,경제학입문,김동운
정보공학관,="0407",512,부동산공법론,김태희
정보공학관,="0407",606,경제학연구,임동순
정보공학관,="0407",612,교과교재연구및지도법(관광),이철우
정보공학관,="0407",613,세무회계Ⅱ,이환성
정보공학관,="0408",103,스마트호텔정보시스템이론및실무,이상호
정보공학관,="0408",104,서양문화와관광서비스Ⅰ,박은정
정보공학관,="0408",222,제품디자인Ⅳ,강재철
정보공학관,="0408",223,제품디자인Ⅱ,김종엽
정보공학관,="0408",401,렌더링Ⅱ,이성원
정보공학관,="0408",406,한국화창작실기Ⅱ,김형률
정보공학관,="0408",501,소통과젠더,유창민
정보공학관,="0408",503,교육사회,강보은
정보공학관,="0408",504,부품제작및실습,김영이
정보공학관,="0408",505,기본영어,권성진
정보공학관,="0409",104,서양문화와관광서비스Ⅰ,박은정
정보공학관,="0410",104,서양문화와관광서비스Ⅰ,박은정
정보공학관,="0410",507,논문지도(석),현숙경
정보공학관,="0410",508,고급 영양상담 및 교육,임화재
정보공학관,="0411",104,중국문화와역사,이유주
정보공학관,="0411",328,영유아교육평가연구,홍성희
정보공학관,="0411",504,프로토타입프로젝트Ⅱ,김창영
정보공학관,="0411",507,논문지도(석),현숙경
정보공학관,="0411",508,고급 영양상담 및 교육,임화재
정보공학관,="0412",328,영유아교육평가연구,홍성희
정보공학관,="0412",504,프로토타입프로젝트Ⅱ,김창영
정보공학관,="0413",510,작곡 기법 I,연관호
정보공학관,="0413",517,미술치료학개론,이지현
정보공학관,="0413",618,통계학,정흥식
정보공학관,="0414",307,현대병인론,지규용
정보공학관,="0415",121,정신간호학실습(산학연계학)Ⅱ,박애영
정보공학관,="0501",225,어패럴패턴테크닉,김인화
정보공학관,="0501",308,뉴미디어아트연구Ⅱ,김성철
정보공학관,="0501",401,가방디자인기초Ⅱ,이창원
정보공학관,="0501",B106,소조Ⅳ,강태훈
정보공학관,="0502",213,스포츠과학입문,곽이섭
정보공학관,="0502",311,스포츠비즈니스취창업전략,박태현
정보공학관,="0502",312,통계적사고,한기조
정보공학관,="0502",314,스포츠투어리즘,김찬룡
정보공학관,="0502",411,공공경제학,유병상
정보공학관,="0502",412,경영학입문,신학승
정보공학관,="0502",413,문화경제학,이정아
정보공학관,="0502",414,국제운송론,손효준
정보공학관,="0502",415,경제학입문,김동운
정보공학관,="0502",512,경제학입문,이범웅
정보공학관,="0502",513,경제학입문,박영배
정보공학관,="0502",515,시사재무부동산,김필선
정보공학관,="0502",612,스포츠과학입문,이재빈
정보공학관,="0503",214,스포츠경영및실기,박문수
정보공학관,="0503",311,스포츠행정실무,박태현
정보공학관,="0503",313,해양스포츠투어리즘,이재빈
정보공학관,="0503",411,공공경제학,유병상
정보공학관,="0503",413,문화경제학,이정아
정보공학관,="0503",414,국제운송론,손효준
정보공학관,="0503",511,부동산중개론,오윤경
정보공학관,="0503",512,부동산학원론,강정규
정보공학관,="0503",513,보험계약법,정중영
정보공학관,="0503",514,펀드매니징이슈와실무(캡스톤디자인),박영배
정보공학관,="0503",515,시사재무부동산,김필선
정보공학관,="0503",612,논리적사유와글쓰기,신윤주
정보공학관,="0503",613,회계원리,신희정
정보공학관,="0504",214,스포츠경영및실기,박문수
정보공학관,="0504",311,스포츠행정실무,박태현
정보공학관,="0504",411,공공경제학,유병상
정보공학관,="0504",413,문화경제학,이정아
정보공학관,="0504",414,국제운송론,손효준
정보공학관,="0504",511,부동산중개론,오윤경
정보공학관,="0504",512,부동산학원론,강정규
정보공학관,="0504",513,보험계약법,정중영
정보공학관,="0504",514,펀드매니징이슈와실무(캡스톤디자인),박영배
정보공학관,="0504",515,시사재무부동산,김필선
정보공학관,="0504",612,논리적사유와글쓰기,신윤주
정보공학관,="0504",613,회계원리,신희정
정보공학관,="0505",213,운동처방실기(산학연계학),윤병곤
정보공학관,="0505",214,스포츠심리학,신정택
정보공학관,="0505",414,전공탐색과생애설계Ⅰ-Ⅱ,신학승
정보공학관,="0505",511,부동산중개론,오윤경
정보공학관,="0505",512,부동산학원론,강정규
정보공학관,="0505",514,펀드매니징이슈와실무(캡스톤디자인),박영배
정보공학관,="0505",613,회계학세미나,서일
정보공학관,="0506",212,태권도연구발표,문선호
정보공학관,="0506",213,운동처방실기(산학연계학),윤병곤
정보공학관,="0506",214,스포츠심리학,신정택
정보공학관,="0506",404,국제마케팅론특수연구,김영근
정보공학관,="0506",408,무역정책론연구,최봉호
정보공학관,="0506",411,재정학,하종원
정보공학관,="0506",412,캡스톤디자인,이재승
정보공학관,="0506",512,부동산공법론,김태희
정보공학관,="0506",514,금융재무설계Ⅱ,박광수
정보공학관,="0506",613,회계학세미나,서일
정보공학관,="0507",212,태권도연구발표,문선호
정보공학관,="0507",213,운동처방실기(산학연계학),윤병곤
정보공학관,="0507",314,동계스포츠,이재빈
정보공학관,="0507",315,동계스포츠,박문수
정보공학관,="0507",404,국제마케팅론특수연구,김영근
정보공학관,="0507",408,무역정책론연구,최봉호
정보공학관,="0507",411,재정학,하종원
정보공학관,="0507",412,캡스톤디자인,이재승
정보공학관,="0507",514,금융재무설계Ⅱ,박광수
정보공학관,="0507",515,캡스톤디자인Ⅰ,김태희
정보공학관,="0507",613,회계학세미나,서일
정보공학관,="0508",213,운동처방실기(산학연계학),윤병곤
정보공학관,="0508",314,동계스포츠,이재빈
정보공학관,="0508",315,동계스포츠,박문수
정보공학관,="0508",404,국제마케팅론특수연구,김영근
정보공학관,="0508",408,무역정책론연구,최봉호
정보공학관,="0508",411,재정학,하종원
정보공학관,="0508",412,캡스톤디자인,이재승
정보공학관,="0508",513,시장조사방법연구,이범웅
정보공학관,="0508",514,금융재무설계Ⅱ,박광수
정보공학관,="0508",515,캡스톤디자인Ⅰ,김태희
정보공학관,="0509",221,토질시험특론,홍석우
정보공학관,="0509",404-1,건설기초설계,박동현
정보공학관,="0509",405,건설기초설계,이현경
정보공학관,="0509",602-3,건설기초설계,나춘선
정보공학관,="0509",603-3,건설기초설계,노춘근
정보공학관,="0509",701-B,건축설계Ⅱ,양재혁
정보공학관,="0509",701-C,건축설계Ⅱ,엄지호
정보공학관,="0509",702-B,건축설계Ⅳ,김은희
정보공학관,="0509",702-C,건축설계Ⅳ,전상욱
정보공학관,="0509",703-Ⅰ,건축설계Ⅳ,강영
정보공학관,="0509",703-Ⅱ,건축설계Ⅵ(캡스톤디자인),최준석
정보공학관,="0509",703-B,건축설계Ⅳ,석민철
정보공학관,="0509",703-C,건축설계Ⅳ,신병윤
정보공학관,="0509",703-D,건축설계Ⅵ(캡스톤디자인),정진균
정보공학관,="0509",704-Ⅰ,건축설계Ⅵ(캡스톤디자인),이태문
정보공학관,="0509",704-Ⅱ,건축설계Ⅷ,허진우
정보공학관,="0509",704-B,건축설계Ⅵ(캡스톤디자인),이수헌
정보공학관,="0509",704-C,건축설계Ⅵ(캡스톤디자인),최임주
정보공학관,="0509",704-D,건축설계Ⅷ,이권형
정보공학관,="0509",704-E,건축설계Ⅷ,김희근
정보공학관,="0509",735-A,건축설계Ⅱ,조재득
정보공학관,="0509",735-B,건축설계Ⅱ,조현석
정보공학관,="0509",735-C,건축설계Ⅱ,노진석
정보공학관,="0510",210,사상약물론,전수형
정보공학관,="0511",206,취상론과 형태망진론,김경철
정보공학관,="0512",206,취상론과 형태망진론,김경철
정보공학관,="0513",614,창의융합프로젝트Ⅱ,허경용
정보공학관,="0601",301,안전및조직관리사례연구,이빈
정보공학관,="0602",301,안전및조직관리사례연구,이빈
정보공학관,="0603",301,안전및조직관리사례연구,이빈
정보공학관,="0604",원격,바이오헬스의학용어,
정보공학관,="0604",원격,바이오헬스코딩수학,
정보공학관,="0604",원격,의료데이터보안,
정보공학관,="0604",원격,유전자기반AI질병진단(메디컬지노믹스),
정보공학관,="0605",415,조직범죄론,남기명
정보공학관,="0605",416,북한의 사이버공격론,이광현
정보공학관,="0605",418,응용통계학,주성빈
정보공학관,="0606",415,조직범죄론,남기명
정보공학관,="0606",416,북한의 사이버공격론,이광현
정보공학관,="0606",418,응용통계학,주성빈
정보공학관,="0607",415,조직범죄론,남기명
정보공학관,="0607",416,북한의 사이버공격론,이광현
정보공학관,="0607",418,응용통계학,주성빈
정보공학관,="0608",417,소방학연구,주성빈
정보공학관,="0608",620,논문지도(박)Ⅱ,김성희
정보공학관,="0609",원격,바이오헬스와한의학,
정보공학관,="0609",원격,모바일헬스케어프로그래밍,
정보공학관,="0609",원격,웨어러블디바이스개론,
정보공학관,="0609",원격,인체구조의이해및2D드로잉,
