창의관,="0101",302,Media Information Literacy,문종대
창의관,="0101",314,기본영어,곽응경
창의관,="0101",414,교육조사방법론,김경희
창의관,="0101",501,기본영어,제선미
창의관,="0101",514,교육평가,이영학
창의관,="0101",609,논문지도(박)Ⅰ,최연주
창의관,="0102",202,문헌목록학Ⅰ,이은주
창의관,="0102",208,기본영어,오인용
창의관,="0102",314,기본영어,곽응경
창의관,="0102",501,기본영어,제선미
창의관,="0102",509,논문지도(석),송연주
창의관,="0102",514,교육평가,이영학
창의관,="0102",601,정보학개론,신영지
창의관,="0102",609,논문지도(박)Ⅰ,최연주
창의관,="0103",202,문헌목록학Ⅰ,이은주
창의관,="0103",208,기본영어,오인용
창의관,="0103",302,미디어예술론,양민수
창의관,="0103",314,논리적사유와글쓰기,최미현
창의관,="0103",401,디지털콘텐츠제작,황상현
창의관,="0103",415,전공탐색과생애설계Ⅰ-Ⅱ,안영식
창의관,="0103",501,디지털뉴스와사회,박선미
창의관,="0103",509,논문지도(석),송연주
창의관,="0103",601,정보학개론,신영지
창의관,="0103",610,평생교육실습,김진화
창의관,="0103",611,PR기획및실습,김민정
창의관,="0103",611,PR기획및실습,김민정
창의관,="0104",203,카피라이팅이론및실습,문영화
창의관,="0104",208,초급영어회화,브리트니크로슬이
창의관,="0104",302,미디어예술론,양민수
창의관,="0104",415,청소년문화론,서희정
창의관,="0104",501,디지털뉴스와사회,박선미
창의관,="0104",514,BTL광고론,김민정
창의관,="0104",603,광고이슈,박은주
창의관,="0105",202,한국서지학,최연주
창의관,="0105",203,카피라이팅이론및실습,문영화
창의관,="0105",208,전공탐색과생애설계Ⅰ-Ⅱ,오인용
창의관,="0105",401,디지털콘텐츠제작,황상현
창의관,="0105",414,평생교육방법론,안영식
창의관,="0105",514,BTL광고론,김민정
창의관,="0105",601,도서관정보센터경영개론,윤유라
창의관,="0105",611,뉴미디어광고세미나,강태중
창의관,="0105",612,평생학습자의상담컨설팅,김진화
창의관,="0106",202,한국서지학,최연주
창의관,="0106",208,초급영어회화,브리트니크로슬이
창의관,="0106",302,디지털영상개론및실습,양민수
창의관,="0106",302,디지털영상개론및실습,양민수
창의관,="0106",401,디지털콘텐츠제작,황상현
창의관,="0106",414,평생교육방법론,안영식
창의관,="0106",601,도서관정보센터경영개론,윤유라
창의관,="0106",603,카피라이팅이론및실습,문영화
창의관,="0106",603,카피라이팅이론및실습,문영화
창의관,="0106",611,뉴미디어광고세미나,강태중
창의관,="0106",612,평생학습자의상담컨설팅,김진화
창의관,="0107",201,정보시스템이론및실습,신영지
창의관,="0107",203,카피라이팅이론및실습,문영화
창의관,="0107",302,표현자유의역사,문종대
창의관,="0107",414,철학적심리학,박진
창의관,="0107",603,세계의트렌드와미래문화,이현우
창의관,="0107",611,광고로보는세상,박은주
창의관,="0107",612,청소년복지,서희정
창의관,="0108",203,카피라이팅이론및실습,문영화
창의관,="0108",302,표현자유의역사,문종대
창의관,="0108",414,철학적심리학,박진
창의관,="0108",603,세계의트렌드와미래문화,이현우
창의관,="0108",611,광고로보는세상,박은주
창의관,="0108",612,청소년복지,서희정
창의관,="0109",502,광고전략론,조경섭
창의관,="0109",506,한국근대민족사상사연구,성강현
창의관,="0110",408,유럽역사·경제지리연구,박순준
창의관,="0110",415,평생교육방법연구,안영식
창의관,="0110",502,광고전략론,조경섭
창의관,="0110",506,한국근대민족사상사연구,성강현
창의관,="0110",609,기록보존론,최연주
창의관,="0111",408,유럽역사·경제지리연구,박순준
창의관,="0111",414,발달심리,서희정
창의관,="0111",415,평생교육방법연구,안영식
창의관,="0111",502,광고전략론,조경섭
창의관,="0111",503,사회교육방법론,오혁진
창의관,="0111",506,한국근대민족사상사연구,성강현
창의관,="0111",609,기록보존론,최연주
창의관,="0112",408,유럽역사·경제지리연구,박순준
창의관,="0112",414,발달심리,서희정
창의관,="0112",415,평생교육방법연구,안영식
창의관,="0112",503,사회교육방법론,오혁진
창의관,="0112",609,기록보존론,최연주
창의관,="0113",415,성인발달과 학습,서희정
창의관,="0113",503,사회교육방법론,오혁진
창의관,="0114",415,성인발달과 학습,서희정
창의관,="0115",,,
창의관,="0115",,,
창의관,="0115",,,
창의관,="0115",,,
창의관,="0115",,,
창의관,="0115",,,
창의관,="0115",,,
창의관,="0201",508,전산회계Ⅱ,이정은
창의관,="0202",508,전산회계Ⅱ,이정은
창의관,="0203",202,문헌목록학Ⅰ,이은주
창의관,="0203",208,인물일본사,윤승민
창의관,="0203",302,미디어산업연구(산학연계학),문종대
창의관,="0203",401,PR기획및실습,김민정
창의관,="0203",407,논문지도(석),김진화
창의관,="0203",415,논리적사유와글쓰기,김도희
창의관,="0203",602,정보매체론,김예린
창의관,="0203",603,청소년지도방법론,서희정
창의관,="0203",612,사회교육론,오혁진
창의관,="0204",203,광고콘텐츠제작및실습,황상현
창의관,="0204",208,초급영어회화,브리트니크로슬이
창의관,="0204",302,커뮤니케이션일반,안지수
창의관,="0204",401,PR기획및실습,김민정
창의관,="0204",415,기본영어,곽응경
창의관,="0204",602,자료조직특강,신인수
창의관,="0204",603,청소년지도방법론,서희정
창의관,="0204",611,논리적사유와글쓰기,유창민
창의관,="0205",201,정보조직실습,이은주
창의관,="0205",203,광고콘텐츠제작및실습,황상현
창의관,="0205",208,초급영어회화,브리트니크로슬이
창의관,="0205",302,영상콘텐츠기획및구성실습,양민수
창의관,="0205",303,뉴미디어포트폴리오제작,김지곤
창의관,="0205",407,논문지도(박)Ⅰ,김진화
창의관,="0205",415,기업교육론,안영식
창의관,="0205",602,자료조직특강,신인수
창의관,="0206",508,한국무역론,유재선
창의관,="0207",202,장서개발및관리,신인수
창의관,="0207",208,다문화교육의이해와실천,양근숙
창의관,="0207",302,미디어예술론,양민수
창의관,="0207",303,뉴미디어포트폴리오제작,김지곤
창의관,="0207",314,위험커뮤니케이션,안지수
창의관,="0207",401,광고콘텐츠제작및실습,황상현
창의관,="0207",414,평생교육방법론,안영식
창의관,="0207",415,진로상담,송연주
창의관,="0207",501,멘토인문학강의,안장혁
창의관,="0207",504,현대사회와철학상담,박진
창의관,="0207",514,광고홍보현장의이해(산학연계학),김민정
창의관,="0207",602,한국현대사산책,김인호
창의관,="0207",610,이야기와인간과나,심지원
창의관,="0207",611,인터넷광고론,강태중
창의관,="0208",504,전공탐색과진로설계Ⅱ-Ⅱ,박광수
창의관,="0208",504,지도교수세미나Ⅲ-Ⅱ,박광수
창의관,="0208",504,지도교수세미나Ⅳ-Ⅱ,박광수
창의관,="0208",505,지도교수세미나Ⅲ-Ⅱ,박영태
창의관,="0208",505,전공탐색과진로설계Ⅱ-Ⅱ,박영태
창의관,="0208",505,지도교수세미나Ⅳ-Ⅱ,박영태
창의관,="0208",506,지도교수세미나Ⅳ-Ⅱ,정중영
창의관,="0208",506,전공탐색과진로설계Ⅱ-Ⅱ,정중영
창의관,="0208",506,지도교수세미나Ⅲ-Ⅱ,정중영
창의관,="0208",507,지도교수세미나Ⅲ-Ⅱ,박영배
창의관,="0208",507,전공탐색과진로설계Ⅱ-Ⅱ,박영배
창의관,="0208",507,지도교수세미나Ⅳ-Ⅱ,박영배
창의관,="0209",202,전공탐색과진로설계Ⅱ-Ⅱ,신영지
창의관,="0209",202,지도교수세미나Ⅲ-Ⅱ,신영지
창의관,="0209",202,지도교수세미나Ⅳ-Ⅱ,신영지
창의관,="0209",302,지도교수세미나Ⅳ-Ⅱ,안지수
창의관,="0209",302,지도교수세미나Ⅳ-Ⅱ,이상욱
창의관,="0209",302,지도교수세미나Ⅳ-Ⅱ,양민수
창의관,="0209",302,전공탐색과진로설계Ⅱ-Ⅱ,안지수
창의관,="0209",302,전공탐색과진로설계Ⅱ-Ⅱ,이상욱
창의관,="0209",302,전공탐색과진로설계Ⅱ-Ⅱ,양민수
창의관,="0209",302,전공탐색과진로설계Ⅱ-Ⅱ,문종대
창의관,="0209",302,지도교수세미나Ⅲ-Ⅱ,문종대
창의관,="0209",302,지도교수세미나Ⅲ-Ⅱ,양민수
창의관,="0209",302,지도교수세미나Ⅲ-Ⅱ,이상욱
창의관,="0209",302,지도교수세미나Ⅲ-Ⅱ,안지수
창의관,="0209",302,지도교수세미나Ⅳ-Ⅱ,문종대
창의관,="0209",506,역사지역정보학의이해,김인호
창의관,="0209",601,지도교수세미나Ⅲ-Ⅱ,윤유라
창의관,="0209",601,전공탐색과진로설계Ⅱ-Ⅱ,윤유라
창의관,="0209",601,지도교수세미나Ⅳ-Ⅱ,윤유라
창의관,="0209",602,지도교수세미나Ⅳ-Ⅱ,최연주
창의관,="0209",602,전공탐색과진로설계Ⅱ-Ⅱ,최연주
창의관,="0209",602,지도교수세미나Ⅲ-Ⅱ,최연주
창의관,="0209",608,불교상담기법연구,이정희
창의관,="0209",610,전공탐색과진로설계Ⅱ-Ⅱ,이은주
창의관,="0209",610,지도교수세미나Ⅲ-Ⅱ,이은주
창의관,="0209",610,지도교수세미나Ⅳ-Ⅱ,이은주
창의관,="0209",611,지도교수세미나Ⅳ-Ⅱ,황상현
창의관,="0209",611,지도교수세미나Ⅳ-Ⅱ,조경섭
창의관,="0209",611,지도교수세미나Ⅲ-Ⅱ,황상현
창의관,="0209",611,지도교수세미나Ⅲ-Ⅱ,조경섭
창의관,="0209",611,지도교수세미나Ⅲ-Ⅱ,강태중
창의관,="0209",611,지도교수세미나Ⅳ-Ⅱ,강태중
창의관,="0209",611,지도교수세미나Ⅳ-Ⅱ,박은주
창의관,="0209",611,지도교수세미나Ⅳ-Ⅱ,김민정
창의관,="0209",611,전공탐색과진로설계Ⅱ-Ⅱ,황상현
창의관,="0209",611,전공탐색과진로설계Ⅱ-Ⅱ,조경섭
창의관,="0209",611,전공탐색과진로설계Ⅱ-Ⅱ,강태중
창의관,="0209",611,전공탐색과진로설계Ⅱ-Ⅱ,박은주
창의관,="0209",611,전공탐색과진로설계Ⅱ-Ⅱ,김민정
창의관,="0209",611,지도교수세미나Ⅲ-Ⅱ,박은주
창의관,="0209",611,지도교수세미나Ⅲ-Ⅱ,김민정
창의관,="0210",315,미디어조사방법론Ⅱ,이상욱
창의관,="0210",401,국제광고론,조경섭
창의관,="0210",408,박물관관리론,박순준
창의관,="0210",502,마케팅관리론,박은주
창의관,="0210",506,역사지역정보학의이해,김인호
창의관,="0210",608,불교상담기법연구,이정희
창의관,="0211",315,미디어조사방법론Ⅱ,이상욱
창의관,="0211",401,국제광고론,조경섭
창의관,="0211",408,박물관관리론,박순준
창의관,="0211",414,평생교육질적연구방법세미나,박정의
창의관,="0211",502,마케팅관리론,박은주
창의관,="0211",506,역사지역정보학의이해,김인호
창의관,="0211",608,불교상담기법연구,이정희
창의관,="0212",315,미디어조사방법론Ⅱ,이상욱
창의관,="0212",401,국제광고론,조경섭
창의관,="0212",408,박물관관리론,박순준
창의관,="0212",414,평생교육질적연구방법세미나,박정의
창의관,="0212",502,마케팅관리론,박은주
창의관,="0213",505,무역실무연구,박영태
창의관,="0214",505,무역실무연구,박영태
창의관,="0215",132,전공실기(박)Ⅱ,민주신
창의관,="0215",213,전공실기(석)Ⅰ,윤상운
창의관,="0215",,,
창의관,="0215",,,
창의관,="0301",203,모션그래픽스,선정훈
창의관,="0301",301-1,미디어글쓰기실습,원숙경
창의관,="0301",314,인간·컴퓨터상호작용,안지수
창의관,="0301",514,교육평가,이영학
창의관,="0301",603,매체계획론,박은주
창의관,="0301",612,사회교육론,오혁진
창의관,="0302",203,모션그래픽스,선정훈
창의관,="0302",208,기본영어,오인용
창의관,="0302",302,디지털영상개론및실습,양민수
창의관,="0302",415,논리적사유와글쓰기,김도희
창의관,="0302",504,문화콘텐츠산업,원숙경
창의관,="0302",509,논문지도(박)Ⅱ,송연주
창의관,="0302",514,교육평가,이영학
창의관,="0302",602,정보매체론,김예린
창의관,="0302",603,광고학기초,조경섭
창의관,="0302",612,사회교육론,오혁진
창의관,="0303",202,한국서지학,최연주
창의관,="0303",203,모션그래픽스,선정훈
창의관,="0303",208,영어학개론,이송은
창의관,="0303",302,디지털영상개론및실습,양민수
창의관,="0303",401,PR기획및실습,김민정
창의관,="0303",415,논리적사유와글쓰기,김도희
창의관,="0303",504,문화콘텐츠산업,원숙경
창의관,="0303",509,논문지도(박)Ⅱ,송연주
창의관,="0303",601,정보봉사론,이은주
창의관,="0303",602,정보매체론,김예린
창의관,="0303",603,광고학기초,조경섭
창의관,="0303",610,평생교육실습,김진화
창의관,="0303",611,뉴미디어광고세미나,강태중
창의관,="0304",508,경제데이터해설,이정아
창의관,="0305",508,경제데이터해설,이정아
창의관,="0306",201,정보시스템이론및실습,신영지
창의관,="0306",208,논리적사유와글쓰기,신윤주
창의관,="0306",302,디지털영상개론및실습,양민수
창의관,="0306",414,집단상담,이정희
창의관,="0306",601,디지털도서관론,신인수
창의관,="0306",607,논문지도(석),오혁진
창의관,="0306",610,평생교육사업기획이론및실습(산학연계학),김진화
창의관,="0306",611,디지털미디어광고론,강태중
창의관,="0307",201,정보시스템이론및실습,신영지
창의관,="0307",208,실용영작문,브리트니크로슬이
창의관,="0307",302,Media Information Literacy,문종대
창의관,="0307",314,동의글로벌인성,심지원
창의관,="0307",414,철학카페에서영화읽기,박진
창의관,="0307",415,진로상담,송연주
창의관,="0307",504,원아시아공동체론,다께이찌
창의관,="0307",514,교육사회,강보은
창의관,="0307",601,디지털도서관론,신인수
창의관,="0307",602,부산의역사와문화,김인호
창의관,="0307",607,논문지도(석),오혁진
창의관,="0307",610,평생교육사업기획이론및실습(산학연계학),김진화
창의관,="0307",612,마을르네상스,최연주
창의관,="0308",202,장서개발및관리,신인수
창의관,="0308",208,실용영작문,브리트니크로슬이
창의관,="0308",302,Media Information Literacy,문종대
창의관,="0308",314,동의글로벌인성,심지원
창의관,="0308",414,철학카페에서영화읽기,박진
창의관,="0308",415,진로상담,송연주
창의관,="0308",504,원아시아공동체론,다께이찌
창의관,="0308",514,교육사회,강보은
창의관,="0308",602,부산의역사와문화,김인호
창의관,="0308",612,마을르네상스,최연주
창의관,="0309",502,논문지도(박)Ⅱ,박은주
창의관,="0309",506,한국사사료강독,이준영
창의관,="0310",413,기록정보데이터베이스,신영지
창의관,="0310",502,논문지도(박)Ⅱ,박은주
창의관,="0310",506,한국사사료강독,이준영
창의관,="0310",609,한국고대사특강,최연주
창의관,="0311",413,기록정보데이터베이스,신영지
창의관,="0311",414,평생교육프로그램개발이론과실제,김진화
창의관,="0311",503,심리검사와진단,송연주
창의관,="0311",506,한국사사료강독,이준영
창의관,="0311",609,한국고대사특강,최연주
창의관,="0312",413,기록정보데이터베이스,신영지
창의관,="0312",414,평생교육프로그램개발이론과실제,김진화
창의관,="0312",503,심리검사와진단,송연주
창의관,="0312",609,한국고대사특강,최연주
창의관,="0313",414,평생교육프로그램개발이론과실제,김진화
창의관,="0313",503,심리검사와진단,송연주
창의관,="0314",112,부동산경매실무,곽병철
창의관,="0314",206,도시정비사업실무,정쾌호
창의관,="0314",207,부동산자산투자실무,제승욱
창의관,="0315",132,전공실기(박)Ⅳ,연관호
창의관,="0315",213,논문지도(박)Ⅰ,윤상운
창의관,="0401",508,전산회계Ⅱ,이정은
창의관,="0402",208,영어학개론,이송은
창의관,="0402",301-1,미디어글쓰기실습,원숙경
창의관,="0402",314,논리적사유와글쓰기,최미현
창의관,="0402",404,논문지도(박)Ⅰ,안영식
창의관,="0402",414,교육조사방법론,김경희
창의관,="0402",415,상담이론과실제,이정희
창의관,="0402",514,교육사회,강보은
창의관,="0402",603,광고학기초,조경섭
창의관,="0402",609,논문지도(석),최연주
창의관,="0403",201,정보조직실습,이은주
창의관,="0403",208,영어학개론,이송은
창의관,="0403",314,논리적사유와글쓰기,최미현
창의관,="0403",404,논문지도(박)Ⅰ,안영식
창의관,="0403",415,상담이론과실제,이정희
창의관,="0403",501,미디어이용과영향,안지수
창의관,="0403",504,문화콘텐츠산업,원숙경
창의관,="0403",514,광고홍보현장의이해(산학연계학),김민정
창의관,="0403",601,정보학개론,신영지
창의관,="0403",603,매체계획론,박은주
창의관,="0403",610,평생교육실습,김진화
창의관,="0403",611,디지털미디어광고론,강태중
창의관,="0404",208,논리적사유와글쓰기,신윤주
창의관,="0404",302,영상콘텐츠기획및구성실습,양민수
창의관,="0404",603,매체계획론,박은주
창의관,="0405",202,학교도서관미디어센터,윤유라
창의관,="0405",302,영상콘텐츠기획및구성실습,양민수
창의관,="0405",414,상담실습,송연주
창의관,="0405",601,정보봉사론,이은주
창의관,="0405",602,청소년지도세미나,서희정
창의관,="0405",603,매스커뮤니케이션의이해,김민정
창의관,="0405",610,기초일본어,다께이찌
창의관,="0405",611,인터넷광고론,강태중
창의관,="0405",612,평생학습자의상담컨설팅,김진화
창의관,="0406",508,한국무역론,유재선
창의관,="0407",508,한국무역론,유재선
창의관,="0408",203,영상콘텐츠제작및실습Ⅰ,황상현
창의관,="0408",208,영화로읽는중국근현대사,김형열
창의관,="0408",415,청소년복지,서희정
창의관,="0408",514,광고문화론(캡스톤디자인),박은주
창의관,="0408",609,한국불교사,최연주
창의관,="0408",610,기초일본어,다께이찌
창의관,="0408",611,역사학입문,성강현
창의관,="0409",315,논문지도(박)Ⅱ,이준호
창의관,="0409",506,한국사의제문제,선우성혜
창의관,="0410",315,논문지도(박)Ⅱ,이준호
창의관,="0410",502,광고와 마케팅 사례 연구,박은주
창의관,="0410",506,한국사의제문제,선우성혜
창의관,="0411",414,기업교육프로그램프로젝트연구,안영식
창의관,="0411",415,지역평생교육론,오혁진
창의관,="0411",502,광고와 마케팅 사례 연구,박은주
창의관,="0411",503,학교도서관경영론,윤유라
창의관,="0411",506,한국사의제문제,선우성혜
창의관,="0411",514,집단상담의이론과실제,이정희
창의관,="0412",414,기업교육프로그램프로젝트연구,안영식
창의관,="0412",415,지역평생교육론,오혁진
창의관,="0412",502,광고와 마케팅 사례 연구,박은주
창의관,="0412",503,학교도서관경영론,윤유라
창의관,="0412",514,집단상담의이론과실제,이정희
창의관,="0413",414,기업교육프로그램프로젝트연구,안영식
창의관,="0413",415,평생학습상담컨설팅,김진화
창의관,="0413",503,정보기술세미나,신영지
창의관,="0413",514,집단상담의이론과실제,이정희
창의관,="0413",612,청소년 지도자론,서희정
창의관,="0414",415,평생학습상담컨설팅,김진화
창의관,="0414",503,정보기술세미나,신영지
창의관,="0414",612,청소년 지도자론,서희정
창의관,="0415",213,전공실기(박)Ⅲ,윤상운
창의관,="0415",407,전공실기(석)Ⅱ,안은탁
창의관,="0501",314,위험커뮤니케이션,안지수
창의관,="0501",603,매스커뮤니케이션의이해,김민정
창의관,="0501",610,기초일본어,다께이찌
창의관,="0502",508,Excel과회계,박상현
창의관,="0503",508,Excel과회계,박상현
창의관,="0504",508,Excel과회계,박상현
창의관,="0505",508,경제데이터해설,이정아
창의관,="0506",508,고급비즈니스OA,최재훈
창의관,="0507",508,고급비즈니스OA,최재훈
창의관,="0508",508,고급비즈니스OA,최재훈
창의관,="0509",315,커뮤니케이션연구방법론Ⅱ,문종대
창의관,="0509",502,통섭 마케팅 커뮤니케이션론,김민정
창의관,="0510",315,커뮤니케이션연구방법론Ⅱ,문종대
창의관,="0510",411,기록정보서비스론,이은주
창의관,="0510",502,통섭 마케팅 커뮤니케이션론,김민정
창의관,="0511",315,커뮤니케이션연구방법론Ⅱ,문종대
창의관,="0511",411,기록정보서비스론,이은주
창의관,="0511",502,통섭 마케팅 커뮤니케이션론,김민정
창의관,="0512",411,기록정보서비스론,이은주
창의관,="0513",515,부동산마케팅연구,김태희
창의관,="0514",,,
창의관,="0515",213,전공실기(박)Ⅱ,윤상운
창의관,="0601",517,범죄학이론,김상원
창의관,="0602",517,범죄학이론,김상원
창의관,="0603",517,범죄학이론,김상원
창의관,="0604",512,논문지도(박)Ⅰ,강정규
창의관,="0604",515,논문지도(박)Ⅱ,이범웅
창의관,="0605",103,캡스톤디자인Ⅱ,김재훈
창의관,="0606",103,캡스톤디자인Ⅱ,김재훈
창의관,="0607",103,캡스톤디자인Ⅱ,김재훈
창의관,="0608",103,자동화시스템설계,김재훈
창의관,="0609",103,자동화시스템설계,김재훈
창의관,="0610",,,
창의관,="0611",,,
창의관,="0611",,,
창의관,="0611",,,
창의관,="0611",,,
창의관,="0611",,,
창의관,="0612",,,
창의관,="0612",,,
창의관,="0612",,,
창의관,="0613",,,
창의관,="0613",,,
창의관,="0613",,,
창의관,="0614",,,
